{"type": "FeatureCollection", "features": [{"type": "Feature", "geometry": {"type": "Polygon", "coordinates": [[[-1.827139232463, 50.9971456412529], [-1.82720091505, 50.9971395727479], [-1.82726253762485, 50.9971458236811], [-1.82731808892929, 50.9971637916171], [-1.82740199473928, 50.9972095069038], [-1.8274857632292, 50.997288448691], [-1.8274953801862, 50.9973273638452], [-1.82748547461623, 50.9973662591532], [-1.82745700104996, 50.9974013052875], [-1.82741276521108, 50.997429098262], [-1.8273570808045, 50.9974468928092], [-1.82729541207209, 50.9974529613902], [-1.82723378908561, 50.9974467105165], [-1.82717823744273, 50.9974287515], [-1.8271396304022, 50.9974104848618], [-1.8271047660814, 50.9973859290562], [-1.82706087826073, 50.9973507309499], [-1.82702865313874, 50.9973139134603], [-1.82701839670596, 50.9972861208597], [-1.82701335758576, 50.9972501709121], [-1.82702255432963, 50.9972142330947], [-1.82703686299919, 50.9971946509334], [-1.82705419576663, 50.9971818894533], [-1.82708356255514, 50.9971634446405], [-1.827139232463, 50.9971456412529]]]}, "properties": {"ListEntry": 1003004, "Name": "Long barrow 600yds (550m) SE of Vanity", "NGR": "SU 12218 22004", "hyperlink": "https://historicengland.org.uk/listing/the-list/list-entry/1003004", "azimuth_deg": 138.8, "length_m": 37.5, "width_m": 28.6}}, {"type": "Feature", "geometry": {"type": "Polygon", "coordinates": [[[-1.95276908825451, 50.989497998104], [-1.95280936621647, 50.989498014458], [-1.95284722030703, 50.9894998192733], [-1.95288475557785, 50.9895069113333], [-1.95292594859972, 50.9895179254655], [-1.95296888466572, 50.989538274202], [-1.95300107355631, 50.9895631326497], [-1.95301716604521, 50.9895846034917], [-1.95301714560681, 50.9896049348447], [-1.95299921989814, 50.9896354291009], [-1.95297055596482, 50.9896613959536], [-1.95293042627071, 50.9896837972509], [-1.9528896464366, 50.9897009288594], [-1.95284717542592, 50.9897137794688], [-1.95280131990883, 50.9897201902828], [-1.95275035492153, 50.9897212396501], [-1.95270382439956, 50.9897189007524], [-1.95266036220632, 50.9897115544415], [-1.95262301120105, 50.9896911809062], [-1.95260185185055, 50.9896646363216], [-1.95258909699393, 50.9896397137575], [-1.95257892940949, 50.9896064744417], [-1.95257556780577, 50.9895775272216], [-1.95258408332062, 50.989553953151], [-1.95261637916436, 50.9895293097192], [-1.95264646749583, 50.9895178479644], [-1.9526814981848, 50.9895079168352], [-1.95271829110239, 50.9895024016231], [-1.95276908825451, 50.989497998104]]]}, "properties": {"ListEntry": 1004752, "Name": "Vernditch Chase long barrow", "NGR": "SU 03409 21136", "hyperlink": "https://historicengland.org.uk/listing/the-list/list-entry/1004752", "azimuth_deg": 85.3, "length_m": 30.9, "width_m": 24.8}}, {"type": "Feature", "geometry": {"type": "Polygon", "coordinates": [[[-1.7275594041636, 51.0911693411869], [-1.72766392661532, 51.0911642611141], [-1.72770085363291, 51.0911663432929], [-1.72773774151969, 51.0911750705477], [-1.72775404543809, 51.0911827608035], [-1.72777152871992, 51.0911938528153], [-1.72779610403335, 51.0912250947114], [-1.72779948747887, 51.0912518362152], [-1.72779416181755, 51.0912735758429], [-1.72777608671419, 51.091297461885], [-1.72776122594198, 51.0913113920926], [-1.72773155936351, 51.0913299278243], [-1.7276648674654, 51.091363007637], [-1.72762360788747, 51.0913788636643], [-1.72758852988105, 51.0913924950516], [-1.72747657569494, 51.0914203977997], [-1.72737744647192, 51.0914357592781], [-1.72727131389845, 51.0914377420637], [-1.72718647735694, 51.0914241730257], [-1.72713706414382, 51.0914062354195], [-1.72710888224715, 51.091386126226], [-1.72710010691237, 51.0913729952197], [-1.72709174283931, 51.0913603507208], [-1.72709074913477, 51.0913497107119], [-1.72709296205736, 51.091330436711], [-1.7271004605436, 51.0913131713258], [-1.72711536074037, 51.0912926050685], [-1.72713977203312, 51.0912693903103], [-1.72717580358861, 51.0912442154007], [-1.72722027625638, 51.0912210563768], [-1.72726470569178, 51.0912052078784], [-1.72731859115614, 51.0911960265396], [-1.72741260884166, 51.091182955198], [-1.7275594041636, 51.0911693411869]]]}, "properties": {"ListEntry": 1005611, "Name": "Fussell's long barrow", "NGR": "SU 19184 32479", "hyperlink": "https://historicengland.org.uk/listing/the-list/list-entry/1005611", "azimuth_deg": 75.4, "length_m": 51.5, "width_m": 26.9}}, {"type": "Feature", "geometry": {"type": "Polygon", "coordinates": [[[-1.77426027001784, 51.1052512862511], [-1.77436182900108, 51.1052413658813], [-1.77446330319033, 51.1052516775209], [-1.77455472799268, 51.1052812308543], [-1.77462719066395, 51.1053271312407], [-1.77467357166476, 51.1053848689561], [-1.77468932776022, 51.1054488152163], [-1.77467294695926, 51.1055126906791], [-1.77462600218237, 51.1055702577599], [-1.77455309164619, 51.1056158692894], [-1.77446137876604, 51.1056450698876], [-1.77435980465403, 51.1056549993019], [-1.77425834387008, 51.1056446786124], [-1.77416691854106, 51.1056151250827], [-1.77409445583315, 51.1055692334005], [-1.77404807546938, 51.1055114864709], [-1.77403232019413, 51.1054475490788], [-1.77404870189835, 51.1053836647533], [-1.7740956471033, 51.1053261068901], [-1.77416855767602, 51.1052804866565], [-1.77426027001784, 51.1052512862511]]]}, "properties": {"ListEntry": 1005688, "Name": "'Ende Burgh' long barrow", "NGR": "SU 15893 34041", "hyperlink": "https://historicengland.org.uk/listing/the-list/list-entry/1005688", "azimuth_deg": 30.9, "length_m": 45.8, "width_m": 45.8}}, {"type": "Feature", "geometry": {"type": "Polygon", "coordinates": [[[-1.87113304227332, 51.4223444908069], [-1.87173219779104, 51.4220187674541], [-1.87238635996534, 51.422455452048], [-1.87177577745216, 51.4227835400333], [-1.87113304227332, 51.4223444908069]]]}, "properties": {"ListEntry": 1008103, "Name": "South Street long barrow, 70m south east of the Long Stones", "NGR": "SU 09013 69274", "hyperlink": "https://historicengland.org.uk/listing/the-list/list-entry/1008103", "azimuth_deg": 132.6, "length_m": 72.4, "width_m": 60.5}}, {"type": "Feature", "geometry": {"type": "Polygon", "coordinates": [[[-1.87624573244688, 51.4208008651339], [-1.87624789190832, 51.4208000401862], [-1.87625005126626, 51.4207992332118], [-1.87625222502817, 51.4207984352394], [-1.8762544130906, 51.4207976642766], [-1.87625661550223, 51.4207969022813], [-1.87625883223864, 51.4207961583089], [-1.87626107775243, 51.4207954233878], [-1.87626332313856, 51.4207947153925], [-1.87626558292862, 51.4207940164335], [-1.87626785701923, 51.4207933444497], [-1.8762701310306, 51.4207926814868], [-1.87627243379524, 51.4207920364934], [-1.87627475093953, 51.420791409523], [-1.87627706798037, 51.4207908005259], [-1.87627939937025, 51.4207902005649], [-1.87628174511571, 51.420789627545], [-1.87628410515537, 51.4207890635611], [-1.87628646517695, 51.4207885265717], [-1.87628883954775, 51.4207879985499], [-1.87629122816425, 51.4207874975376], [-1.87629361681127, 51.420787005512], [-1.87629601978315, 51.4207865315093], [-1.87629843711057, 51.4207860844476], [-1.87630085435876, 51.4207856464068], [-1.87630328593171, 51.4207852263889], [-1.87630571745624, 51.4207848243101], [-1.87630816336045, 51.4207844402542], [-1.87631060913694, 51.4207840831583], [-1.87631306931741, 51.4207837350986], [-1.8763155294494, 51.4207834049781], [-1.87631800385139, 51.4207830928803], [-1.87632047825966, 51.420782798756], [-1.87632295259507, 51.420782531626], [-1.87632544127965, 51.4207822734979], [-1.87632792989141, 51.42078204233], [-1.87633043285229, 51.4207818201981], [-1.87633292139128, 51.4207816159902], [-1.87633542423086, 51.4207814387919], [-1.87633794141953, 51.4207812706297], [-1.87634044416206, 51.4207811293781], [-1.87634296122944, 51.4207810061494], [-1.8763454638991, 51.4207808918922], [-1.87634798092422, 51.4207808046446], [-1.87635049784602, 51.4207807353704], [-1.87635301471926, 51.4207806840695], [-1.87635553154401, 51.420780650742], [-1.87635804832017, 51.4207806354223], [-1.87636056510268, 51.4207806380759], [-1.87636309615532, 51.4207806587181], [-1.87636561278591, 51.4207806973528], [-1.87636812934375, 51.4207807629476], [-1.87637063150392, 51.4207808375139], [-1.87637314804384, 51.4207809301031], [-1.87637566445625, 51.4207810496181], [-1.87637818084434, 51.420781178154], [-1.87638068278616, 51.4207813336692], [-1.87638318467952, 51.4207815071578], [-1.87638568654864, 51.4207816896331], [-1.87638818834508, 51.4207818990685], [-1.87639067571955, 51.4207821264621], [-1.87639316306974, 51.4207823628766], [-1.87639565034725, 51.4207826262513], [-1.87639812320271, 51.4207829076186], [-1.87640059595492, 51.4207832069591], [-1.8764030687135, 51.4207835242732], [-1.8764055270502, 51.4207838595454], [-1.87640798528349, 51.4207842128253], [-1.87641042914982, 51.4207845840292], [-1.87641287291269, 51.420784973275], [-1.87641530230861, 51.4207853804448], [-1.87641773160115, 51.4207858056223], [-1.87642014647181, 51.420786248758], [-1.87642256129401, 51.4207867098671], [-1.87642496174911, 51.4207871889688], [-1.87642734769686, 51.4207876770419], [-1.87642973362682, 51.4207881920752], [-1.87643210513489, 51.4207887250668], [-1.87643446224521, 51.4207892670641], [-1.87643681922805, 51.4207898360216], [-1.87643916184387, 51.4207904229373], [-1.87644149000708, 51.4207910188588], [-1.87644380374844, 51.4207916327386], [-1.8764461030437, 51.4207922735633], [-1.87644840231479, 51.4207929233747], [-1.87645068716393, 51.4207935911787], [-1.87645295759123, 51.4207942769409], [-1.87645519916832, 51.4207949806462], [-1.8764574551495, 51.4207956933877], [-1.8764596678829, 51.4207964330095], [-1.87646189502035, 51.4207971816674], [-1.87646409330754, 51.4207979483028], [-1.876466277173, 51.4207987328621], [-1.87646844658586, 51.4207995264271], [-1.87647060160751, 51.4208003469373], [-1.87647274217669, 51.4208011764188], [-1.87647196603728, 51.4208010227579], [-1.87689105544117, 51.4211968908449], [-1.87686872813592, 51.421279824711], [-1.87681098547322, 51.4213710206676], [-1.87673996100876, 51.4214649631094], [-1.87664244682829, 51.4215422879744], [-1.87652733176973, 51.421591935801], [-1.8763945201618, 51.4216388134094], [-1.87625730858989, 51.4216746174691], [-1.87614668272776, 51.4216966202201], [-1.87602728682061, 51.4216909641564], [-1.87595658957622, 51.421663230969], [-1.87591244094969, 51.4216355348554], [-1.87583301156338, 51.4215663227028], [-1.87569624984474, 51.4214362119655], [-1.87552235848457, 51.4212256580204], [-1.87551334833068, 51.4212124576604], [-1.87551236013194, 51.4212109370279], [-1.87551138633138, 51.4212094073896], [-1.87551045570643, 51.4212078778314], [-1.87550955387771, 51.421206330296], [-1.87550868079617, 51.4212047827911], [-1.87550783654122, 51.4212032263301], [-1.87550703543151, 51.421201660928], [-1.87550624869545, 51.4212000955413], [-1.87550550510462, 51.4211985212136], [-1.87550479034032, 51.4211969379298], [-1.87550410434775, 51.4211953456555], [-1.87550346153077, 51.4211937534612], [-1.87550284740627, 51.4211921612632], [-1.87550226216316, 51.421190560109], [-1.87550170563671, 51.4211889500329], [-1.87550119228599, 51.4211873399684], [-1.87550069333335, 51.4211857209323], [-1.87550023750154, 51.4211841019421], [-1.87549982484534, 51.4211824829977], [-1.87549942658719, 51.4211808550818], [-1.87549907144985, 51.4211792272117], [-1.87549875948816, 51.4211775993875], [-1.87549846192448, 51.4211759625917], [-1.87549820751201, 51.4211743348286], [-1.87549798181642, 51.4211726980749], [-1.87549779932076, 51.4211710524146], [-1.87549764560273, 51.4211694157716], [-1.87549752057702, 51.421167779159], [-1.87549742437788, 51.4211661335561], [-1.87549737135423, 51.4211644880332], [-1.87549734707778, 51.4211628425409], [-1.87549736592215, 51.4211611970601], [-1.8754973991156, 51.4211595606155], [-1.87549747550906, 51.4211579152301], [-1.87549759502338, 51.4211562698561], [-1.87549772888675, 51.4211546335185], [-1.87549792029928, 51.4211529972419], [-1.87549812610979, 51.4211513519939], [-1.87549837507158, 51.4211497157441], [-1.87549863832754, 51.4211480885305], [-1.8754989447835, 51.4211464523761], [-1.8754992943906, 51.4211448252543], [-1.87549967269, 51.4211431981629], [-1.87550007979138, 51.421141571102], [-1.8755005156703, 51.4211399530585], [-1.8755009946151, 51.4211383350607], [-1.87550150233744, 51.4211367260801], [-1.87550203886162, 51.4211351171645], [-1.87550261848219, 51.4211335172471], [-1.87550322684989, 51.4211319173602], [-1.8755038639646, 51.4211303175381], [-1.8755045298325, 51.4211287356857], [-1.87550522444742, 51.4211271538981], [-1.87550596218301, 51.4211255721563], [-1.87550672864135, 51.4211239993974], [-1.87550752387715, 51.4211224356902], [-1.87550836228846, 51.4211208720287], [-1.87550921499402, 51.4211193173692], [-1.87551011085056, 51.4211177717766], [-1.87551103542989, 51.4211162351668], [-1.87551198878661, 51.4211147076086], [-1.87551297089051, 51.4211131800467], [-1.87551399606613, 51.4211116705383], [-1.87551503561525, 51.4211101610451], [-1.87551611831545, 51.4211086605845], [-1.87551722973827, 51.4211071691411], [-1.87551836993862, 51.421105686715], [-1.87551953880675, 51.421104213306], [-1.87552073642789, 51.4211027579354], [-1.8755219484225, 51.42110130258], [-1.87552321794174, 51.4210998562724], [-1.87552450178561, 51.4210984279535], [-1.87552581435217, 51.4210970086517], [-1.87552715566574, 51.4210955893806], [-1.87552852573229, 51.4210941881476], [-1.87552993889514, 51.4210927959129], [-1.87553136638256, 51.4210914217012], [-1.87553282267185, 51.42109004752], [-1.87553430763486, 51.4210887003638], [-1.87553580697146, 51.4210873531885], [-1.8755373493797, 51.4210860240667], [-1.87553892056543, 51.4210847039621], [-1.87554050610021, 51.4210833928596], [-1.87554213470679, 51.4210820997762], [-1.87554377766242, 51.4210808156948], [-1.87554543499745, 51.4210795496364], [-1.87554713542867, 51.4210782926104], [-1.87554886455809, 51.4210770535884], [-1.8755506080914, 51.4210758235684], [-1.875552380268, 51.4210746115866], [-1.87555418122215, 51.4210734085877], [-1.87555599650085, 51.4210722236118], [-1.87555784053253, 51.4210710566742], [-1.8755597132869, 51.4210698987195], [-1.87556160031098, 51.4210687587876], [-1.87556351616738, 51.4210676278731], [-1.8755654462936, 51.4210665149472], [-1.875567405118, 51.4210654200252], [-1.87556939269538, 51.4210643431415], [-1.87623731000907, 51.4208043180292], [-1.87623939771857, 51.4208034300644], [-1.87624149975294, 51.4208025600881], [-1.87624360173858, 51.4208017081197], [-1.87624573244688, 51.4208008651339]]]}, "properties": {"ListEntry": 1008126, "Name": "Long Stones long barrow 150m north of Beckhampton House", "NGR": "SU 08705 69145", "hyperlink": "https://historicengland.org.uk/listing/the-list/list-entry/1008126", "azimuth_deg": 53.8, "length_m": 86.2, "width_m": 86.9}}, {"type": "Feature", "geometry": {"type": "Polygon", "coordinates": [[[-1.87695887647051, 51.433431413691], [-1.87759953021026, 51.4330701684333], [-1.87820886595292, 51.4334957217487], [-1.87757002500462, 51.4338510466955], [-1.87695887647051, 51.433431413691]]]}, "properties": {"ListEntry": 1008449, "Name": "Horslip long barrow, 450m north-west of Horslip Bridge.", "NGR": "SU 08606 70503", "hyperlink": "https://historicengland.org.uk/listing/the-list/list-entry/1008449", "azimuth_deg": 136.2, "length_m": 65.3, "width_m": 61.5}}, {"type": "Feature", "geometry": {"type": "Polygon", "coordinates": [[[-1.83592105775439, 51.1747973716405], [-1.83631584081694, 51.1746684184176], [-1.83661738534537, 51.1749693284113], [-1.83625473653226, 51.1751084526078], [-1.83592105775439, 51.1747973716405]]]}, "properties": {"ListEntry": 1008953, "Name": "Long barrow 250m north of Normanton Gorse", "NGR": "SU 11542 41753", "hyperlink": "https://historicengland.org.uk/listing/the-list/list-entry/1008953", "azimuth_deg": 142.1, "length_m": 45.0, "width_m": 33.4}}, {"type": "Feature", "geometry": {"type": "MultiPolygon", "coordinates": [[[[-1.96610461391655, 51.2210849617223], [-1.96741542355729, 51.2208470471104], [-1.96734667302711, 51.2206305100244], [-1.96900259148412, 51.220197790478], [-1.96934682974336, 51.2206743211647], [-1.96783718964791, 51.2211372880776], [-1.96755307730124, 51.2210853635132], [-1.96634607566331, 51.2213233268776], [-1.9641036607326, 51.2214742701343], [-1.96403495843512, 51.221214326807], [-1.96610461391655, 51.2210849617223]]], [[[-1.97716874634279, 51.2176040325674], [-1.97792185261114, 51.2174650778298], [-1.97863017683037, 51.2174002941371], [-1.9795451985381, 51.2173542272965], [-1.98037163356085, 51.2173080038209], [-1.98108394888454, 51.2173083979371], [-1.98113898674095, 51.2173088292662], [-1.98129200161988, 51.217310121301], [-1.98130677760094, 51.2173102674829], [-1.98184771940107, 51.2173175087889], [-1.98251170516316, 51.2173361585428], [-1.98317569147274, 51.2173547955392], [-1.98392692472269, 51.2173519586803], [-1.98468576001633, 51.217395327797], [-1.98524189122483, 51.2175033020136], [-1.98519798857282, 51.217698027008], [-1.98491744749623, 51.2176794502485], [-1.98435638307243, 51.2176330062873], [-1.98381052525651, 51.2175865708945], [-1.98319038360567, 51.2175493932338], [-1.98236396448436, 51.217549273907], [-1.98184763687801, 51.2175306549057], [-1.98115365925343, 51.2175305471305], [-1.98068161019275, 51.2175304714692], [-1.9801648238768, 51.2175489279439], [-1.97954751440922, 51.2175915084059], [-1.97900598716102, 51.2176380914385], [-1.97844323440466, 51.2176646609498], [-1.97799726365408, 51.2177112566544], [-1.97758314004487, 51.2177778638534], [-1.97730705106101, 51.2178244888436], [-1.97716874634279, 51.2176040325674]]]]}, "properties": {"ListEntry": 1009297, "Name": "Long barrow and Old Ditch linear earthwork, on Tilshead Down", "NGR": "SU 01409 46470, SU 02422 46881", "hyperlink": "https://historicengland.org.uk/listing/the-list/list-entry/1009297", "azimuth_deg": 70.7, "length_m": 1539.3, "width_m": 194.9}}, {"type": "Feature", "geometry": {"type": "Polygon", "coordinates": [[[-1.97087336541662, 51.2267679342367], [-1.97088992138285, 51.226766247798], [-1.97090693492189, 51.2267656944564], [-1.97092393335338, 51.2267663999835], [-1.97152544434886, 51.2267106243152], [-1.97155318149885, 51.2267144255867], [-1.9715684023089, 51.226718079964], [-1.97158272039054, 51.2267225793876], [-1.97159659394444, 51.2267280678291], [-1.97160956472201, 51.2267343922963], [-1.97162120325287, 51.2267414178465], [-1.97163148082244, 51.2267492883008], [-1.97164042617346, 51.2267577249301], [-1.97164848337567, 51.2267665749577], [-1.97165473581087, 51.2267759910825], [-1.97165921219257, 51.2267858294159], [-1.97166232799254, 51.2267958022651], [-1.971663667963, 51.2268059185869], [-1.97166366165721, 51.226816178484], [-1.97166142135222, 51.2268262939528], [-1.97165827897722, 51.2268362653106], [-1.97165290268354, 51.226845957434], [-1.97164618045797, 51.22685522657], [-1.97163812666191, 51.2268640817774], [-1.97162872707588, 51.2268723701695], [-1.97161798173341, 51.2268799478501], [-1.97160589062327, 51.2268868328273], [-1.97159291218472, 51.2268928723615], [-1.97157858807291, 51.2268980663085], [-1.97095917351099, 51.2269538379238], [-1.97094306051829, 51.2269569272175], [-1.97092650426, 51.2269588834474], [-1.9709099344456, 51.226959724624], [-1.97089293567535, 51.2269594417273], [-1.97087636731687, 51.2269578910372], [-1.97085981394685, 51.226955360244], [-1.97084414922745, 51.2269515617701], [-1.97082894342204, 51.2269467832679], [-1.97081462614728, 51.2269410158904], [-1.97080165568899, 51.2269342687031], [-1.97079001759425, 51.2269266766119], [-1.97077972608489, 51.2269183834478], [-1.97077078121521, 51.2269093892457], [-1.97076318289364, 51.2268998378674], [-1.97075781888518, 51.226889855419], [-1.97075380127723, 51.2268794596909], [-1.97075201785211, 51.2268689206164], [-1.97075202453992, 51.2268583819823], [-1.97075337741136, 51.2268478526665], [-1.97075696423579, 51.226837449822], [-1.97076232667392, 51.2268273351375], [-1.97076950748692, 51.2268177873935], [-1.97077801985517, 51.2268086536216], [-1.97078830771238, 51.2268000867447], [-1.97079949710137, 51.2267925002616], [-1.97081249051362, 51.2267856245757], [-1.970826356923, 51.2267795853454], [-1.9708415831178, 51.2267746704475], [-1.97085725266576, 51.2267707357951], [-1.97087336541662, 51.2267679342367]]]}, "properties": {"ListEntry": 1009446, "Name": "Long barrow south of Horse Down", "NGR": "SU 02106 47517", "hyperlink": "https://historicengland.org.uk/listing/the-list/list-entry/1009446", "azimuth_deg": 82.0, "length_m": 64.1, "width_m": 21.6}}, {"type": "Feature", "geometry": {"type": "Polygon", "coordinates": [[[-1.72951681092848, 51.2127563891984], [-1.73003390552548, 51.2123400686307], [-1.73018564303465, 51.2122005367303], [-1.73021518584001, 51.2121819460977], [-1.73024712325728, 51.212165150413], [-1.73028135502535, 51.2121501674176], [-1.7303175365842, 51.2121371491673], [-1.73035553868844, 51.2121261673289], [-1.73039481652052, 51.2121173734978], [-1.73043521237422, 51.2121107942714], [-1.73047632509269, 51.2121064826834], [-1.73051799702739, 51.2121044743536], [-1.73055965537238, 51.2121047949599], [-1.73060117135839, 51.2121074351851], [-1.73064220148206, 51.212112376231], [-1.73068224500431, 51.2121195630586], [-1.7307212733669, 51.2121289865474], [-1.73075870039755, 51.212140510544], [-1.73079441189491, 51.2121540807617], [-1.73082810769792, 51.2121696155937], [-1.73085940242157, 51.21218691637], [-1.73088815329486, 51.2122059107988], [-1.73091414658286, 51.2122264365532], [-1.730937111153, 51.2122483311406], [-1.73095691922425, 51.21227142341], [-1.73097334321457, 51.2122954430881], [-1.73098635471714, 51.2123203721367], [-1.73099578380011, 51.2123458684484], [-1.73100160226263, 51.2123718690147], [-1.73100372613237, 51.2123980409465], [-1.73100214214233, 51.212424204367], [-1.73099685075539, 51.2124502693367], [-1.73098794007139, 51.212475867446], [-1.73097546831331, 51.2125008278999], [-1.73095947881971, 51.2125250788993], [-1.73094014517807, 51.212548324093], [-1.73091762598317, 51.2125703660228], [-1.73089207930737, 51.2125910971008], [-1.73086377858722, 51.2126102842521], [-1.73083279567661, 51.2126278645924], [-1.73079943237149, 51.2126436590692], [-1.73076400435054, 51.2126575244395], [-1.73072675565297, 51.2126693624033], [-1.73068803042329, 51.2126790748222], [-1.73064802945901, 51.2126865992116], [-1.7306071970166, 51.2126918646598], [-1.73056566203435, 51.2126948444665], [-1.73052399749675, 51.2126954950128], [-1.7304823464957, 51.2126938256147], [-1.73044115276435, 51.2126898552673], [-1.73040057364806, 51.2126835933202], [-1.72997155703934, 51.2129793723307], [-1.72993763889702, 51.2129822256021], [-1.72990341684359, 51.2129831898273], [-1.72986920593802, 51.2129822477234], [-1.72983527810327, 51.2129794179262], [-1.72980183366361, 51.2129747098847], [-1.72976921598079, 51.2129681693272], [-1.72973762532945, 51.2129598327334], [-1.72970733320874, 51.212949781615], [-1.72967862531983, 51.2129381155596], [-1.72965160182928, 51.2129248617952], [-1.72962657663086, 51.212910182885], [-1.72960370680755, 51.2128941601116], [-1.72958319194356, 51.2128769378345], [-1.72956516018161, 51.2128586242653], [-1.72954981079269, 51.212839435626], [-1.7295372005318, 51.2128194440146], [-1.7295274429193, 51.2127988295404], [-1.72952063700436, 51.2127777813007], [-1.72951681092848, 51.2127563891984]]]}, "properties": {"ListEntry": 1009482, "Name": "A long barrow and a disc barrow in Brigmerston Field", "NGR": "SU 18937 45953", "hyperlink": "https://historicengland.org.uk/listing/the-list/list-entry/1009482", "azimuth_deg": 46.0, "length_m": 117.8, "width_m": 65.7}}, {"type": "Feature", "geometry": {"type": "Polygon", "coordinates": [[[-1.83992783107309, 51.2208014675674], [-1.8406463632399, 51.2205723161332], [-1.84066691912634, 51.2205824510132], [-1.84068031230287, 51.2205893570615], [-1.84069371933089, 51.2205963979663], [-1.84070666769489, 51.2206035821409], [-1.84071961505009, 51.2206110450467], [-1.84073211851617, 51.2206185163348], [-1.84074462155347, 51.2206261135418], [-1.84075667974342, 51.2206339978639], [-1.84076873788289, 51.2206418821848], [-1.84078033735825, 51.2206499097418], [-1.84079195019088, 51.220658216084], [-1.84080310485365, 51.2206665218027], [-1.84081425900244, 51.2206749623931], [-1.840824968798, 51.2206835462394], [-1.84083567810338, 51.2206922739445], [-1.84084594354941, 51.2207010010803], [-1.84085574975829, 51.2207100063255], [-1.84086557039132, 51.2207190115894], [-1.84087493228114, 51.2207281511032], [-1.84088430801538, 51.2207374435167], [-1.84089321069518, 51.2207468701265], [-1.84090212777507, 51.2207562878024], [-1.84091060046997, 51.220765857722], [-1.84091862878672, 51.2207755619112], [-1.84092664279556, 51.2207852661148], [-1.84093422676102, 51.2207951135603], [-1.84094133813377, 51.2208049603983], [-1.84094847777828, 51.2208149421134], [-1.84095514433594, 51.2208250670808], [-1.84096138134316, 51.220835191465], [-1.84096760354806, 51.2208454597236], [-1.84097339623312, 51.2208557183777], [-1.8409791740612, 51.2208661208718], [-1.84098450799601, 51.2208765317847], [-1.84098938323955, 51.2208870769485], [-1.84099382901695, 51.2208976125083], [-1.84099827471078, 51.2209081570889], [-1.8410022621755, 51.2209187010479], [-1.84100624920302, 51.2209293888665], [-1.8410093479293, 51.2209402103535], [-1.84101244720525, 51.2209508879807], [-1.84101553159233, 51.2209617184351], [-1.84101774259115, 51.2209725387521], [-1.84101993922528, 51.2209833590152], [-1.84102213591505, 51.2209941792783], [-1.84102344427059, 51.2210051422313], [-1.84102473880928, 51.2210159612707], [-1.84102560335444, 51.2210269235874], [-1.84102645351027, 51.2210378769318], [-1.840330271684, 51.221274380539], [-1.8403110659376, 51.2212629706027], [-1.84029856332699, 51.2212552205038], [-1.84028650502292, 51.2212473451224], [-1.84027400291657, 51.221239451161], [-1.84026195997857, 51.2212312880771], [-1.84025034660181, 51.221223125543], [-1.84023874754032, 51.2212149630616], [-1.84022713516388, 51.2212065128056], [-1.84021598099452, 51.2211980721601], [-1.84020482680558, 51.2211896225264], [-1.84019367360575, 51.2211809031118], [-1.84018294947763, 51.2211723102019], [-1.84017269888345, 51.2211634481554], [-1.84016199005961, 51.2211545855174], [-1.84015216952582, 51.2211455801951], [-1.84014190507385, 51.2211365742665], [-1.84013209941008, 51.2211274250679], [-1.84012273802801, 51.2211181416353], [-1.84011291850246, 51.2211088485557], [-1.84010400151504, 51.2210994308543], [-1.84009464069541, 51.2210900035254], [-1.84008616810977, 51.221080433547], [-1.84007725162982, 51.2210708719494], [-1.84006877951677, 51.2210611670969], [-1.84006076569437, 51.2210514628348], [-1.84005273795135, 51.2210416147269], [-1.84004472463228, 51.2210317666039], [-1.8400371555938, 51.2210217842475], [-1.84003003051047, 51.2210117934751], [-1.8400229053992, 51.2210018116892], [-1.84001578078766, 51.2209916860431], [-1.84000910059649, 51.2209814171426], [-1.84000242032262, 51.2209711572287], [-1.83999619831435, 51.2209608889185], [-1.83998996199749, 51.2209506206228], [-1.83998418438049, 51.2209402180795], [-1.83997840671154, 51.2209298155015], [-1.83997307346196, 51.2209192696694], [-1.83996774021467, 51.2209087238714], [-1.8399628508896, 51.220898178645], [-1.83995796151215, 51.2208876334181], [-1.83995353083343, 51.220876953944], [-1.83994908587663, 51.2208662654632], [-1.83994509912129, 51.2208555865948], [-1.83994111281008, 51.2208447638664], [-1.83993757041985, 51.2208339417441], [-1.83993402803137, 51.2208231195873], [-1.83993092959434, 51.220812289084], [-1.83992783107309, 51.2208014675674]]]}, "properties": {"ListEntry": 1009516, "Name": "Long barrow north of Netheravon Bake", "NGR": "SU 11237 46871", "hyperlink": "https://historicengland.org.uk/listing/the-list/list-entry/1009516", "azimuth_deg": 62.9, "length_m": 67.3, "width_m": 59.6}}, {"type": "Feature", "geometry": {"type": "Polygon", "coordinates": [[[-1.83770729969971, 51.2189778620589], [-1.83772521355648, 51.2189774642356], [-1.83774355357186, 51.218978047131], [-1.83776144622351, 51.2189796185225], [-1.83777933544545, 51.2189821700037], [-1.83779676349877, 51.2189855661017], [-1.83781375906019, 51.2189898068564], [-1.8378298491359, 51.2189950264527], [-1.83784504850905, 51.2190010900723], [-1.83785978677127, 51.2190079982755], [-1.83787317665456, 51.2190155969875], [-1.83788612015528, 51.2190239054648], [-1.83803014252506, 51.2191695221788], [-1.83803995632234, 51.2191802181574], [-1.83804796405026, 51.219191469142], [-1.83805419530317, 51.2192029964396], [-1.83805906480492, 51.2192149444498], [-1.8380617139804, 51.2192271681259], [-1.83806257283774, 51.219239533223], [-1.8380620719429, 51.2192517615678], [-1.83805935166812, 51.2192639778589], [-1.83805527208687, 51.2192759135032], [-1.83804897361731, 51.2192877112078], [-1.83804133120977, 51.2192989405654], [-1.83803190040152, 51.2193097448563], [-1.83802066749321, 51.2193199801321], [-1.8380081058439, 51.2193293772995], [-1.83799465838348, 51.219338215773], [-1.83797941024465, 51.2193460626373], [-1.83796327730096, 51.2193530630528], [-1.83794626002467, 51.219359082112], [-1.83792834413734, 51.2193641107735], [-1.83790997342705, 51.2193681677275], [-1.83789073379013, 51.2193709466031], [-1.83787148321475, 51.2193727453291], [-1.83785179319228, 51.2193732845785], [-1.83783210713424, 51.2193726908513], [-1.83781286841217, 51.2193711176085], [-1.83779364835395, 51.219368285523], [-1.83777486185871, 51.2193643210555], [-1.83775698086425, 51.2193593777072], [-1.83774000537131, 51.2193534555129], [-1.83772392157382, 51.2193464105588], [-1.83770872799253, 51.2193386654379], [-1.83769488385081, 51.2193299330655], [-1.83768238859013, 51.2193203573361], [-1.83752276402132, 51.2191612306633], [-1.83751698860557, 51.2191504053661], [-1.83751254582379, 51.2191393031821], [-1.83750944951293, 51.2191280589699], [-1.8375081439384, 51.2191165384721], [-1.83750864206823, 51.2191051553829], [-1.83751047179593, 51.2190937741056], [-1.83751363261588, 51.2190825385686], [-1.83751859710524, 51.2190714494269], [-1.8375249060497, 51.2190607757565], [-1.83753254557938, 51.2190503916514], [-1.83754152958556, 51.2190404320728], [-1.83755185759516, 51.2190310318246], [-1.83756351524233, 51.2190221909209], [-1.8375760724546, 51.2190140616128], [-1.83758997311041, 51.2190066355623], [-1.83760475910698, 51.2189999121001], [-1.83762044414179, 51.2189940351394], [-1.83763657014409, 51.2189889950242], [-1.83765358089854, 51.2189848103429], [-1.83767104645998, 51.2189815974335], [-1.83768895287369, 51.218979239377], [-1.83770729969971, 51.2189778620589]]]}, "properties": {"ListEntry": 1009520, "Name": "Long barrow east of Netheravon Bake", "NGR": "SU 11425 46677", "hyperlink": "https://historicengland.org.uk/listing/the-list/list-entry/1009520", "azimuth_deg": 147.5, "length_m": 46.6, "width_m": 29.7}}, {"type": "Feature", "geometry": {"type": "Polygon", "coordinates": [[[-1.8452979991613, 51.2117853211031], [-1.84531545257265, 51.211784777643], [-1.84533290262699, 51.2117852233007], [-1.84535033560664, 51.2117865141625], [-1.84536733579168, 51.2117887845886], [-1.84538431932945, 51.2117917563579], [-1.84540041198793, 51.2117957070876], [-1.84541650179895, 51.2118005120619], [-1.84575137936662, 51.2120011599623], [-1.84576387293649, 51.2120111485344], [-1.84577413125222, 51.2120217006232], [-1.84578348581758, 51.2120328180496], [-1.84579060515679, 51.2120444900408], [-1.84579637736332, 51.2120565738696], [-1.84580035957786, 51.2120688082264], [-1.84580255174972, 51.2120811751027], [-1.8458029678163, 51.2120938184127], [-1.84580158090556, 51.2121061805808], [-1.84579840450598, 51.2121185403947], [-1.84579345329432, 51.2121307539779], [-1.84578669965913, 51.2121425516135], [-1.84577815785862, 51.212153915243], [-1.84576828648022, 51.2121647286033], [-1.84575661315971, 51.2121749641115], [-1.84574405452091, 51.2121845060729], [-1.84572970869663, 51.2121933353261], [-1.84571402042157, 51.2122011826728], [-1.84569789111964, 51.2122081841734], [-1.84568041883383, 51.212214347696], [-1.84566206275341, 51.2122193769973], [-1.84564326654671, 51.2122232907725], [-1.84562357170511, 51.2122262142021], [-1.84560388060675, 51.2122280136339], [-1.84558419370259, 51.2122285541943], [-1.84556405194964, 51.2122281050273], [-1.84554437208958, 51.2122265325004], [-1.84552469597859, 51.2122238359416], [-1.84550592554559, 51.2122200165739], [-1.845487602701, 51.2122150737939], [-1.84546972691146, 51.212209151497], [-1.84545318534682, 51.2122023856931], [-1.845437563827, 51.2121944971008], [-1.84514115013912, 51.2119993752311], [-1.84513133106364, 51.2119902264028], [-1.8451228595585, 51.2119805218479], [-1.84511573474593, 51.2119705403017], [-1.84510995713621, 51.2119601289165], [-1.84510552565174, 51.2119495934567], [-1.84510242655466, 51.2119387629788], [-1.84510067366571, 51.2119277994397], [-1.8451002665031, 51.2119168466659], [-1.84510163454227, 51.2119058872165], [-1.845103918865, 51.211894928978], [-1.84510797739509, 51.2118842608753], [-1.84511338122688, 51.2118737293903], [-1.84512012939736, 51.2118636223129], [-1.8451282080239, 51.2118537957289], [-1.84513718667359, 51.2118445368608], [-1.84514750960587, 51.2118357023653], [-1.84515916259634, 51.2118272832705], [-1.84517171467775, 51.2118197105912], [-1.84518516723234, 51.2118125707529], [-1.84519950462997, 51.2118062593022], [-1.8452142830025, 51.2118008027168], [-1.84523040472614, 51.2117960492365], [-1.84524652410374, 51.2117919971529], [-1.84526354212421, 51.2117889263911], [-1.84528054301147, 51.2117867008333], [-1.8452979991613, 51.2117853211031]]]}, "properties": {"ListEntry": 1009600, "Name": "Long barrow east/south-east of Robin Hood's Ball", "NGR": "SU 10891 45879", "hyperlink": "https://historicengland.org.uk/listing/the-list/list-entry/1009600", "azimuth_deg": 134.5, "length_m": 57.0, "width_m": 30.7}}, {"type": "Feature", "geometry": {"type": "Polygon", "coordinates": [[[-1.83092326994154, 51.1712997033663], [-1.83069710334437, 51.1709960828524], [-1.83066132510208, 51.1709659527432], [-1.83065519673989, 51.1709637678257], [-1.83064903972098, 51.170961600841], [-1.83064286834104, 51.170959451844], [-1.83063666824979, 51.1709573207797], [-1.83063046811526, 51.1709552166766], [-1.83062423930208, 51.1709531215533], [-1.83061801039103, 51.1709510533912], [-1.83061175285608, 51.1709489941747], [-1.8306054809272, 51.170946961933], [-1.83059919463745, 51.1709449476447], [-1.83059289393222, 51.1709429513097], [-1.83058657888763, 51.1709409819495], [-1.83058024946049, 51.1709390215212], [-1.83057390563949, 51.1709370880677], [-1.83056753316151, 51.1709351725812], [-1.83056116056392, 51.1709332750686], [-1.83055477365988, 51.1709313955094], [-1.83054835804449, 51.1709295338829], [-1.83054194238557, 51.1709276992519], [-1.8305355123439, 51.170925873587], [-1.83052905361263, 51.170924074842], [-1.83052259481604, 51.1709222941052], [-1.83051612162563, 51.1709205403088], [-1.83050963405249, 51.1709187954786], [-1.83050313213993, 51.1709170776232], [-1.83049661581178, 51.1709153777211], [-1.8304900851226, 51.1709136957723], [-1.83048354007239, 51.1709120317768], [-1.83047698062818, 51.1709103947561], [-1.83047042111878, 51.1709087757093], [-1.83046383295231, 51.1709071746295], [-1.83045724466611, 51.1709055915235], [-1.83045064204053, 51.1709040353581], [-1.83044402503216, 51.1709024881588], [-1.83043739359691, 51.1709009769213], [-1.83043074783337, 51.17089947465], [-1.83042410197164, 51.1708979993741], [-1.83041744174882, 51.1708965420515], [-1.83041076716484, 51.1708951026821], [-1.83040407821975, 51.170893681266], [-1.83039738912185, 51.1708922868453], [-1.83039068571737, 51.1708909103778], [-1.83038396789703, 51.1708895518979], [-1.83037723568287, 51.1708882203242], [-1.83037048910725, 51.1708869067722], [-1.83036374246645, 51.1708856111599], [-1.83035698146435, 51.1708843335352], [-1.83035022036402, 51.1708830828715], [-1.83034344490254, 51.170881850161], [-1.83033665502517, 51.1708806354381], [-1.83032985080826, 51.1708794476557], [-1.83032304647146, 51.170878277847], [-1.83031624212366, 51.1708771260467], [-1.8303094090314, 51.170876001166], [-1.8303025758736, 51.1708748942935], [-1.83029574265051, 51.1708738053606], [-1.83028889503305, 51.1708727434367], [-1.83028203305446, 51.1708716994318], [-1.83027517101028, 51.170870673435], [-1.83026829457199, 51.1708696743786], [-1.83026141801365, 51.170868693296], [-1.83025452714845, 51.1708677302011], [-1.83024763618494, 51.1708667940672], [-1.8302407308054, 51.1708658759207], [-1.83023382541505, 51.1708649757139], [-1.8302269055757, 51.170864102516], [-1.83021998567094, 51.1708632472576], [-1.83021305140474, 51.1708624099868], [-1.83020611704008, 51.170861599677], [-1.83019918266436, 51.1708608073755], [-1.83019223383997, 51.17086004198], [-1.83018527065391, 51.1708592946063], [-1.83017832169826, 51.1708585651927], [-1.83017134403068, 51.170857853746], [-1.83016438058214, 51.1708571782682], [-1.83015740280495, 51.1708565117907], [-1.83015042492926, 51.1708558722743], [-1.83014343263755, 51.170855250711], [-1.83013644033482, 51.1708546471216], [-1.83012944787889, 51.1708540705274], [-1.83012245537884, 51.1708535209287], [-1.83011544849578, 51.1708529802616], [-1.83010844156863, 51.1708524665899], [-1.83010142019253, 51.1708519798584], [-1.83009441313392, 51.1708515021688], [-1.83008739159341, 51.1708510604065], [-1.83008037002011, 51.170850627631], [-1.8300733483481, 51.1708502218507], [-1.8300663123362, 51.1708498430109], [-1.83005929053276, 51.1708494731783], [-1.83005225430181, 51.1708491393075], [-1.83004520374223, 51.1708488144028], [-1.83003816737984, 51.1708485164798], [-1.83003113091861, 51.170848245552], [-1.83002408012873, 51.1708479835903], [-1.8300170435904, 51.1708477486446], [-1.83000999260311, 51.1708475406049], [-1.83000294154979, 51.1708473506077], [-1.82999589043079, 51.1708471785499], [-1.82993441095811, 51.1708477101824], [-1.82988331820205, 51.170835937596], [-1.82985084880043, 51.1708125021249], [-1.82981699188908, 51.1707461991955], [-1.82972567492971, 51.1705986322325], [-1.82961834817631, 51.1705107497235], [-1.8296109559953, 51.1705099926732], [-1.82960356382601, 51.1705092176481], [-1.8295961860072, 51.1705084426433], [-1.82958880825481, 51.1705076496294], [-1.82958143048099, 51.1705068476621], [-1.82957405279513, 51.1705060366731], [-1.82956667514252, 51.1705052166964], [-1.82955931185193, 51.1705043787657], [-1.82955194859474, 51.1705035318132], [-1.82954458528312, 51.1705026848943], [-1.82953722209247, 51.1705018199665], [-1.82952987326389, 51.1705009370847], [-1.82952252443557, 51.1705000542024], [-1.82951516137788, 51.1704991533246], [-1.82950782691188, 51.1704982524878], [-1.82950047821664, 51.1704973336213], [-1.82949314385037, 51.1704964057879], [-1.82948580951734, 51.1704954690012], [-1.82947847530551, 51.1704945141713], [-1.82947114107229, 51.1704935503879], [-1.82946382116812, 51.1704925776377], [-1.82945650129741, 51.1704915958656], [-1.82944918142687, 51.1704906141273], [-1.82944186171047, 51.170489605393], [-1.82943455626855, 51.1704885876916], [-1.82942725088161, 51.1704875699556], [-1.82941994550644, 51.1704865342791], [-1.82941264016473, 51.1704854895807], [-1.82940534920654, 51.1704844359499], [-1.82939805828187, 51.1704833732971], [-1.82939076736903, 51.1704822926695], [-1.82938347654428, 51.1704812030201], [-1.82937619999392, 51.1704801044381], [-1.82936892353166, 51.1704789968343], [-1.82936164710267, 51.1704778802771], [-1.82935438500291, 51.1704767547188], [-1.82934712291506, 51.1704756111857], [-1.82933986088212, 51.1704744676523], [-1.82933261321147, 51.1704733061305], [-1.82932535127842, 51.1704721356347], [-1.82931811797032, 51.1704709561585], [-1.82931087043304, 51.1704697586868], [-1.82930362289611, 51.1704685612147], [-1.82929640407165, 51.1704673458095], [-1.82928917093048, 51.1704661213615], [-1.8292819377896, 51.1704648969474], [-1.82927471904408, 51.1704636455578], [-1.829267500299, 51.1704623941679], [-1.82926029593761, 51.1704611338111], [-1.82925309158819, 51.1704598554796], [-1.82924588732694, 51.1704585681262], [-1.82923868304449, 51.1704572718195], [-1.82923149314588, 51.1704559665118], [-1.82922430322621, 51.1704546522163], [-1.82921712769026, 51.1704533289542], [-1.82920995222091, 51.1704519877173], [-1.82920277669749, 51.1704506464456], [-1.82919560132823, 51.1704492782464], [-1.82918844022209, 51.1704479190204], [-1.82918129347826, 51.1704465418404], [-1.82917413250531, 51.170445146665], [-1.8291669858285, 51.1704437515098], [-1.82915983921843, 51.1704423383457], [-1.82915270693743, 51.1704409162491], [-1.82914557465701, 51.1704394941177], [-1.82913844244322, 51.1704380540116], [-1.82913132459175, 51.1704365959515], [-1.82912420679527, 51.1704351378911], [-1.82911708897792, 51.1704336708088], [-1.82910998552278, 51.1704321858068], [-1.82910289641848, 51.1704307007909], [-1.82909579303058, 51.1704291977795], [-1.82908870402648, 51.1704276858013], [-1.82908161508907, 51.1704261558484], [-1.82907454039323, 51.1704246259159], [-1.82906746578568, 51.1704230869614], [-1.8290604055405, 51.1704215300531], [-1.82905333099998, 51.1704199731579], [-1.82904628511764, 51.1704183982952], [-1.82903922497331, 51.1704168143899], [-1.82903219345388, 51.1704152215729], [-1.82902514767246, 51.1704136197132], [-1.82901811625331, 51.1704119999339], [-1.82901108483479, 51.1704103801199], [-1.82900406774554, 51.1704087513391], [-1.82899705077762, 51.1704071045837], [-1.82899004808454, 51.1704054488272], [-1.82898304542498, 51.1704037841173], [-1.82897604285372, 51.1704021103857], [-1.82896905461165, 51.1704004277216], [-1.82896206634876, 51.1703987360356], [-1.82895509250301, 51.1703970263614], [-1.82894811869082, 51.170395307734], [-1.82894115912021, 51.1703935891269], [-1.82893419967111, 51.1703918525109], [-1.82892724025565, 51.1703901069073], [-1.82892029516951, 51.170388352337], [-1.82891335011706, 51.1703865887791], [-1.82890641939392, 51.1703848162545], [-1.82886525457976, 51.1703768073725], [-1.82883738033509, 51.1703642318041], [-1.82882961506763, 51.1703676644884], [-1.82882173579851, 51.1703709981131], [-1.82881375676897, 51.1703742326644], [-1.82880567794589, 51.1703773771296], [-1.82879751365802, 51.1703804225765], [-1.82878924960968, 51.1703833689844], [-1.82878090013002, 51.1703862073183], [-1.8287724651525, 51.170388955621], [-1.82876395907231, 51.170391586952], [-1.82875535325338, 51.1703941281967], [-1.82874669059449, 51.1703965614432], [-1.8287379425044, 51.17039888665], [-1.82872912327867, 51.1704011038721], [-1.82872024723452, 51.1704032220831], [-1.8287113000882, 51.170405223288], [-1.82870229606886, 51.1704071255161], [-1.82869323529768, 51.1704089107588], [-1.82868411768694, 51.1704105880033], [-1.82867495758697, 51.1704121572704], [-1.82866575499767, 51.1704136185944], [-1.82865649554763, 51.1704149629328], [-1.82864720799208, 51.1704161902933], [-1.82863787785952, 51.1704173187321], [-1.82862851960021, 51.1704183212056], [-1.82861913309302, 51.1704192157568], [-1.82860971848061, 51.1704199933298], [-1.82860028991613, 51.1704206630014], [-1.82859081884158, 51.1704212157082], [-1.82858134825331, 51.170421651513], [-1.8285718780634, 51.170421979437], [-1.82856237965931, 51.1704221904172], [-1.8285528960375, 51.1704222844819], [-1.82854339849725, 51.1704222616577], [-1.82853390135581, 51.1704221309186], [-1.82852441902987, 51.1704218743111], [-1.82851493710275, 51.1704215098229], [-1.8285054698491, 51.170421028419], [-1.82849601734462, 51.1704204391553], [-1.82848659386388, 51.1704197330311], [-1.82847718511123, 51.1704189100256], [-1.82846780540381, 51.1704179791469], [-1.82845845472019, 51.1704169314421], [-1.82844914735637, 51.1704157668633], [-1.82843986903782, 51.1704144944457], [-1.82843063398452, 51.1704131051883], [-1.82842144232699, 51.1704116080787], [-1.82841229395603, 51.1704100031509], [-1.82840320320075, 51.1704082814044], [-1.82839415575363, 51.1704064607928], [-1.82838518027258, 51.1704045233834], [-1.82837624807843, 51.1704024781216], [-1.82836740205817, 51.1704003251043], [-1.82835859943412, 51.1703980642348], [-1.82834988295097, 51.1703957045626], [-1.82834123843395, 51.1703932281271], [-1.828332665729, 51.1703906618552], [-1.82832419363637, 51.1703879788275], [-1.82831577909334, 51.1703851969898], [-1.82830746500839, 51.1703823253575], [-1.82829923718565, 51.1703793369486], [-1.82829109549199, 51.1703762677458], [-1.82828305435617, 51.1703730818214], [-1.82827511364544, 51.1703698150555], [-1.82826728772159, 51.1703664495975], [-1.82825954799377, 51.1703629853028], [-1.82825192305286, 51.1703594223161], [-1.82824439853718, 51.1703557784879], [-1.82823698882977, 51.170352044955], [-1.82822970815071, 51.1703482126822], [-1.82822252795133, 51.1703442996025], [-1.82821549106389, 51.1703403058125], [-1.82820855463472, 51.1703362222626], [-1.82820176155089, 51.1703320489811], [-1.82819508320886, 51.1703278039693], [-1.82818854817906, 51.1703234781787], [-1.82818214216544, 51.1703190716914], [-1.82817586522279, 51.170314584439], [-1.82816973155879, 51.1703100254637], [-1.82816374122801, 51.1703053947656], [-1.82815789417587, 51.1703006923446], [-1.82815219040231, 51.1702959182007], [-1.82814664422431, 51.1702910813421], [-1.82814122702937, 51.1702861727056], [-1.82813596742976, 51.1702812013886], [-1.82813086537115, 51.1702761673226], [-1.82812592096239, 51.1702710705763], [-1.82812113400673, 51.1702659200681], [-1.82811649035062, 51.1702607068587], [-1.82811201855219, 51.1702554399427], [-1.82810770426118, 51.1702501192991], [-1.82810356179447, 51.1702447539362], [-1.82809957688965, 51.1702393348459], [-1.82809576380885, 51.1702338710705], [-1.82809210823548, 51.1702283535333], [-1.82808863869366, 51.1702228003533], [-1.828085326735, 51.1702172023989], [-1.82808218651228, 51.1702115687466], [-1.82807923237586, 51.1702058993829], [-1.82807643573424, 51.1702001943006], [-1.82774575677916, 51.1701295272072], [-1.82686914210313, 51.1700589744692], [-1.82545066164939, 51.169827426941], [-1.82453818113039, 51.1695833994509], [-1.82453272547154, 51.169581224204], [-1.82452735587823, 51.1695789861748], [-1.82452204373924, 51.1695766762649], [-1.82451680342507, 51.1695743035174], [-1.82451163473797, 51.169571876919], [-1.82450653790973, 51.1695693784959], [-1.82450152705847, 51.1695668262776], [-1.82449658803217, 51.1695642111873], [-1.82449172068761, 51.1695615422463], [-1.82448695364944, 51.1695588105445], [-1.82448225840225, 51.1695560249578], [-1.82447764918669, 51.1695531855762], [-1.82447312598235, 51.1695502833438], [-1.82446870307104, 51.1695473363249], [-1.824464351896, 51.1695443354555], [-1.82446010104808, 51.1695412807782], [-1.82445595058171, 51.1695381723274], [-1.82445188600408, 51.169535019], [-1.82444792177394, 51.1695318208863], [-1.82444405787092, 51.1695285689647], [-1.82444027996541, 51.1695252722353], [-1.82443661661456, 51.1695219396595], [-1.82443303929522, 51.1695185532887], [-1.82442959082573, 51.1695151311271], [-1.82442622835376, 51.1695116641578], [-1.82442296614079, 51.1695081613549], [-1.82441981848222, 51.1695046227398], [-1.82441678546651, 51.1695010393598], [-1.82441385265517, 51.1694974201462], [-1.82441103441864, 51.1694937741419], [-1.82440831638646, 51.1694900923041], [-1.82440572725844, 51.1694863747098], [-1.82440323835529, 51.1694826302692], [-1.8244008640064, 51.1694788500164], [-1.82439860414362, 51.16947505196], [-1.82439647309632, 51.1694712271343], [-1.82439444236236, 51.1694673664752], [-1.82439254032125, 51.169463497021], [-1.82439075288873, 51.169459591789], [-1.82438907990827, 51.1694556777063], [-1.82438752144778, 51.169451736833], [-1.82438609182314, 51.1694477781774], [-1.82438477662995, 51.1694438016841], [-1.82438359023855, 51.1694398163958], [-1.82438251833299, 51.1694358133039], [-1.82438156093376, 51.1694318013957], [-1.82438073222709, 51.1694277806924], [-1.82438003235624, 51.1694237421726], [-1.82437944690304, 51.1694197038237], [-1.82437899019675, 51.169415656714], [-1.82437864794225, 51.1694116007537], [-1.82437843445525, 51.1694075449855], [-1.82437833538583, 51.1694034893881], [-1.82437836502928, 51.1693994339828], [-1.82437852347415, 51.1693953697826], [-1.82437879624791, 51.1693913147401], [-1.82437918345968, 51.1693872688556], [-1.82437971367956, 51.1693832231845], [-1.82438035828266, 51.1693791867057], [-1.82438111732376, 51.1693751593505], [-1.82438200504342, 51.1693711412088], [-1.82438302144168, 51.1693671322463], [-1.82438415222329, 51.1693631324075], [-1.82438539735384, 51.1693591507822], [-1.82438677118359, 51.1693551872891], [-1.82438825936238, 51.1693512419752], [-1.82438986192429, 51.1693473058193], [-1.82439159309656, 51.1693433968167], [-1.82439343867235, 51.1693395059936], [-1.82439539850859, 51.1693356423024], [-1.82439748700975, 51.1693318057648], [-1.82439967556437, 51.1693279873852], [-1.82440199272928, 51.1693241961589], [-1.824404424209, 51.1693204320991], [-1.82440695572882, 51.1693167041373], [-1.8244096015088, 51.1693130033416], [-1.8244123759195, 51.1693093386867], [-1.82441525034961, 51.1693057011768], [-1.82441822473114, 51.1693021087518], [-1.82442132772269, 51.1692985435145], [-1.82442451637017, 51.1692950233752], [-1.82442781933241, 51.1692915303679], [-1.82443123650725, 51.1692880914882], [-1.82443475366747, 51.1692846887065], [-1.82443837086749, 51.1692813220568], [-1.82444208793019, 51.1692780095135], [-1.82444590497821, 51.169274733068], [-1.82444980770255, 51.1692715107418], [-1.82445382465297, 51.1692683245346], [-1.82445794148674, 51.1692652013867], [-1.8244621440102, 51.1692621143837], [-1.82446643212166, 51.1692590904185], [-1.82447082018418, 51.1692561116068], [-1.82447529386864, 51.1692531868458], [-1.8244798531751, 51.1692503161353], [-1.8244844981033, 51.1692474995442], [-1.82448924294864, 51.1692447370592], [-1.82449405903195, 51.1692420376249], [-1.82449894644197, 51.1692393922199], [-1.82465932887141, 51.1691636838385], [-1.82510340779628, 51.1690746842192], [-1.82533048974175, 51.1690393587371], [-1.82533585699756, 51.1690384135475], [-1.82534125253912, 51.1690375493186], [-1.82534667655642, 51.1690367300676], [-1.82535211459796, 51.1690359828033], [-1.82535756669766, 51.1690352985042], [-1.8253630614461, 51.1690346772127], [-1.82536855599134, 51.169034109878], [-1.8253740646156, 51.1690336144958], [-1.82537958724355, 51.1690331820787], [-1.82538512398438, 51.1690328126269], [-1.82539067478353, 51.1690325061402], [-1.82539623964103, 51.1690322626188], [-1.82540178996639, 51.1690320820201], [-1.82540735431632, 51.1690319733738], [-1.82541293275846, 51.1690319187055], [-1.82541849663474, 51.1690319359471], [-1.82542407460327, 51.1690320071668], [-1.82542963800601, 51.1690321502964], [-1.82543520117197, 51.16903235637], [-1.82544074980581, 51.1690326254006], [-1.82544629820308, 51.1690329573409], [-1.82545183198005, 51.1690333611911], [-1.82545735131347, 51.169033818977], [-1.82546285611498, 51.1690343396857], [-1.82546834629614, 51.1690349323385], [-1.82547382197939, 51.1690355788927], [-1.82547926883556, 51.1690362883484], [-1.82548470112596, 51.1690370697484], [-1.8254901045687, 51.1690379050285], [-1.82549549347967, 51.1690388032314], [-1.82550083926838, 51.1690397643146], [-1.82550617052523, 51.169040788355], [-1.8255114729345, 51.1690418662755], [-1.82551673218777, 51.1690430160635], [-1.82552196264786, 51.169044219766], [-1.82552714993127, 51.1690454863489], [-1.82553230842154, 51.1690468068463], [-1.82553742378968, 51.1690481902241], [-1.82554249598105, 51.1690496365166], [-1.82554753937959, 51.1690511366549], [-1.82555252533988, 51.1690526906997], [-1.82555746817808, 51.1690543076249], [-1.82556235357821, 51.1690559784221], [-1.82556721018545, 51.1690577030996], [-1.82557199502543, 51.1690594906494], [-1.8255767368111, 51.1690613230712], [-1.82558142112492, 51.1690632183521], [-1.8255860623843, 51.1690651585393], [-1.82559063187659, 51.1690671615645], [-1.82559514401921, 51.1690692094748], [-1.82559959872389, 51.1690713112229], [-1.82560399599047, 51.1690734668774], [-1.82560832161223, 51.1690756673615], [-1.82561258979598, 51.1690779217177], [-1.82561678628023, 51.1690802209378], [-1.82562091111968, 51.1690825649875], [-1.82562497852112, 51.1690849629094], [-1.82562897422309, 51.169087405695], [-1.82563288393031, 51.1690898933233], [-1.825636736288, 51.1690924258026], [-1.82564050265078, 51.1690950031587], [-1.82564419736876, 51.1690976253445], [-1.82564782036657, 51.1691002833727], [-1.82565135742419, 51.1691029862437], [-1.82565482281603, 51.1691057249914], [-1.82565821650839, 51.169108508603], [-1.82566150994457, 51.1691113280147], [-1.8256647317697, 51.1691141832691], [-1.82566786759987, 51.1691170834004], [-1.82567091744848, 51.1691200103316], [-1.82567388139046, 51.1691229731527], [-1.82567675937146, 51.1691259717952], [-1.82567955147987, 51.1691289972719], [-1.82568224324356, 51.1691320675702], [-1.82568486340895, 51.169135155771], [-1.82568738337264, 51.1691382797721], [-1.82568980305923, 51.1691414305862], [-1.8256921511683, 51.16914460829], [-1.8256943990548, 51.1691478128069], [-1.82569654671859, 51.1691510441711], [-1.82569859413901, 51.1691542933612], [-1.82570056998197, 51.1691575694069], [-1.82570243130685, 51.1691608722787], [-1.82570419244286, 51.1691641929764], [-1.82570588198042, 51.1691675315768], [-1.82570744273859, 51.1691708879264], [-1.82570893189829, 51.1691742621787], [-1.8257103065736, 51.1691776542701], [-1.82571158106004, 51.1691810641532], [-1.82571276968641, 51.1691844829305], [-1.82571385812373, 51.1691879195338], [-1.82571483211047, 51.1691913649548], [-1.82571572023722, 51.1691948192358], [-1.82571649387942, 51.1691982913559], [-1.8257171816953, 51.1692017633489], [-1.82571775506067, 51.1692052441253], [-1.82571822827048, 51.1692087337748], [-1.82571861562016, 51.1692122322843], [-1.82571888855284, 51.1692157306244], [-1.82569359666332, 51.169388081193], [-1.82637875712982, 51.1694597361857], [-1.82710325562272, 51.1696806333109], [-1.82792776223665, 51.1698999817513], [-1.8284673883818, 51.1698265934825], [-1.82852354458941, 51.1698302092041], [-1.828529120665, 51.1698308198132], [-1.82853469664111, 51.1698314573834], [-1.82854025827669, 51.1698321219283], [-1.82854580537495, 51.1698328224004], [-1.82855135246154, 51.1698335408467], [-1.82855688515306, 51.1698342862677], [-1.82856240341644, 51.169835067616], [-1.82856792152568, 51.1698358759598], [-1.8285734109445, 51.169836711223], [-1.82857890031834, 51.1698375734818], [-1.82858438953824, 51.1698384627017], [-1.82858985006762, 51.1698393788754], [-1.82859531046438, 51.1698403309974], [-1.82860075649951, 51.1698413010726], [-1.82860618813961, 51.1698422981224], [-1.828611605297, 51.1698433311339], [-1.82861700814739, 51.1698443820644], [-1.82862239651496, 51.1698454689909], [-1.82862777052099, 51.1698465738364], [-1.82863314439442, 51.1698477146644], [-1.82863848957736, 51.1698488824463], [-1.82864382036551, 51.1698500771685], [-1.82864913673747, 51.1698512898439], [-1.82865443873591, 51.1698525384811], [-1.828659726285, 51.1698538140586], [-1.82866498517685, 51.1698551076028], [-1.82867024393626, 51.1698564370954], [-1.8286754740386, 51.1698577845204], [-1.82868068965817, 51.1698591679414], [-1.82868589097085, 51.1698605692814], [-1.82869107780095, 51.1698620065832], [-1.82869623597396, 51.1698634618173], [-1.82870137975215, 51.1698649440262], [-1.82870649478551, 51.1698664531545], [-1.82871160977424, 51.1698679892441], [-1.8287166960181, 51.1698695522876], [-1.82872175357173, 51.1698711422506], [-1.82872679673054, 51.1698727591883], [-1.82873182552783, 51.1698743940792], [-1.82873682558025, 51.169876055924], [-1.82874181120482, 51.1698777536963], [-1.82874676817237, 51.169879469401], [-1.8287516964828, 51.1698812030725], [-1.82875661036539, 51.1698829726716], [-1.82876150983197, 51.1698847602239], [-1.82876638060823, 51.1698865747301], [-1.82877122269422, 51.1698884161901], [-1.82877605041887, 51.1698902755692], [-1.82878083510302, 51.1698921619156], [-1.8287856053927, 51.1698940751681], [-1.82879036128764, 51.1698960153954], [-1.82879507417552, 51.1698979735342], [-1.82879977272323, 51.1698999586479], [-1.82880445682176, 51.1699019707019], [-1.82880909796783, 51.1699040006677], [-1.82881371036907, 51.1699060575872], [-1.82881830846345, 51.1699081324602], [-1.82882287781301, 51.169910234287], [-1.82882741841795, 51.1699123630334], [-1.82883193042048, 51.1699145097125], [-1.82883641367822, 51.1699166833453], [-1.82884086827899, 51.1699188749107], [-1.82884529422285, 51.1699210844087], [-1.82884969138876, 51.1699233298476], [-1.8288540599309, 51.169925584232], [-1.82885839978281, 51.1699278655703], [-1.82886271089019, 51.169930173794], [-1.82886700769049, 51.1699325000396], [-1.82887124718837, 51.1699348441418], [-1.828875472237, 51.1699372152187], [-1.82887966868325, 51.1699396042283], [-1.82888382203464, 51.1699420201709], [-1.82888796107935, 51.1699444540326], [-1.8288920571713, 51.1699469058747], [-1.82889612451879, 51.1699493846022], [-1.82890014889223, 51.1699518722885], [-1.82890415889258, 51.1699543959025], [-1.82890812591888, 51.1699569284754], [-1.8289120642006, 51.1699594879679], [-1.82891597391306, 51.1699620564059], [-1.8289198405522, 51.16996466073], [-1.82892367856743, 51.1699672740337], [-1.82892748787118, 51.1699699052701], [-1.82893125422244, 51.1699725544182], [-1.82893499188348, 51.1699752305203], [-1.82893868653751, 51.1699779245342], [-1.82894235256774, 51.1699806274936], [-1.82894598987462, 51.1699833663941], [-1.82894958424073, 51.1699861052321], [-1.82895314991676, 51.1699888709899], [-1.82895667264017, 51.1699916546938], [-1.82896016665207, 51.1699944563302], [-1.82896361771145, 51.1699972758785], [-1.82896704005934, 51.1700001133593], [-1.82897041945461, 51.1700029687863], [-1.82897375593061, 51.1700058331037], [-1.82897706371628, 51.1700087244094], [-1.82898034282367, 51.1700116246263], [-1.82898357892384, 51.1700145427893], [-1.83024700162877, 51.170203569955], [-1.83042138159172, 51.1701473058334], [-1.83054508100921, 51.1701192307573], [-1.83068560534104, 51.1701017724584], [-1.83080921428771, 51.1700984163319], [-1.83098912960739, 51.1701125766361], [-1.83100398509355, 51.1701141806045], [-1.83101886935768, 51.170115748595], [-1.83103373952358, 51.1701172626403], [-1.83104863841254, 51.1701187407761], [-1.8310635374663, 51.1701201739058], [-1.83107845094749, 51.1701215711055], [-1.83109337894342, 51.1701229233539], [-1.83110830701649, 51.1701242396517], [-1.83112324963698, 51.1701255020111], [-1.83113819233468, 51.1701267283857], [-1.83115314951414, 51.1701279188304], [-1.83116812113174, 51.1701290553365], [-1.83118309293555, 51.1701301558578], [-1.83119807919918, 51.1701312114621], [-1.83121306559436, 51.1701322310816], [-1.83122806644939, 51.1701332057496], [-1.83124306746846, 51.1701341354801], [-1.83125808291463, 51.1701350292462], [-1.83127309857945, 51.1701358780406], [-1.8312881143538, 51.1701366818628], [-1.83130314458764, 51.170137440768], [-1.83131817495276, 51.1701381636883], [-1.83133321983191, 51.1701388416917], [-1.83134826482039, 51.170139474723], [-1.8313633099946, 51.1701400717695], [-1.83137835527808, 51.1701406238441], [-1.8313934150754, 51.1701411310015], [-1.83140847500375, 51.1701416021742], [-1.83142353507383, 51.170142019422], [-1.83143859532952, 51.1701424006508], [-1.83145367001157, 51.1701427459839], [-1.83146873053978, 51.170143037303], [-1.83148380554891, 51.1701432926922], [-1.83149888068887, 51.1701435120966], [-1.83151395602492, 51.1701436775419], [-1.83152903143705, 51.1701438070366], [-1.8315441070671, 51.1701438915594], [-1.83155918286048, 51.1701439311103], [-1.83157425878434, 51.1701439347107], [-1.83158933487147, 51.1701438933391], [-1.8316044110672, 51.1701438069956], [-1.83161948744793, 51.1701436847015], [-1.83163456399176, 51.1701435174356], [-1.83164962634847, 51.1701433051771], [-1.83166470321825, 51.1701430480016], [-1.83167976592278, 51.1701427548208], [-1.83169484308588, 51.1701424166884], [-1.83170990606169, 51.1701420335636], [-1.83172496922221, 51.1701416144884], [-1.83174003257811, 51.1701411414542], [-1.83175508171391, 51.1701406324488], [-1.83177013103443, 51.1701400874588], [-1.83178518046306, 51.1701394974968], [-1.8318002157587, 51.1701388625423], [-1.83181525127144, 51.1701381826504], [-1.83183028685957, 51.1701374667734], [-1.83184532264264, 51.1701366969718], [-1.83186034428206, 51.1701359001522], [-1.83187535176628, 51.1701350493529], [-1.83189037367595, 51.1701341625893], [-1.83190538145225, 51.1701332308677], [-1.83192037506266, 51.1701322631408], [-1.83193535453965, 51.1701312504559], [-1.83195034842003, 51.1701301927851], [-1.83196531392582, 51.1701290901359], [-1.83198027956112, 51.1701279515362], [-1.83199524530405, 51.1701267679303], [-1.83201019696789, 51.1701255393663], [-1.83202513441095, 51.1701242748315], [-1.83204007207066, 51.1701229652904], [-1.83205499554201, 51.1701216107914], [-1.83206990484702, 51.1701202203214], [-1.83208480001842, 51.1701187848248], [-1.83209969531887, 51.170117313412], [-1.8321145764636, 51.1701157879855], [-1.83212945779209, 51.1701142265742], [-1.83214431065831, 51.170112629206], [-1.83215916363175, 51.1701109868315], [-1.83217400247115, 51.1701092994991], [-1.83218881288099, 51.1701075671197], [-1.8322036377698, 51.1701057988445], [-1.83221843411992, 51.1701039855223], [-1.83223321635783, 51.1701021362293], [-1.83224798446146, 51.1701002419784], [-1.83226275263941, 51.1700983117427], [-1.83227749247469, 51.170096327473], [-1.83229221808836, 51.1700943072667], [-1.83230694383096, 51.1700922510414], [-1.83232164114346, 51.1700901498378], [-1.83233632432144, 51.1700880036762], [-1.83235100757353, 51.1700858215299], [-1.83236566241763, 51.1700836033582], [-1.83238028880954, 51.1700813311867], [-1.83239491532988, 51.1700790230648], [-1.83240952768316, 51.1700766789379], [-1.83242411160619, 51.1700742897984], [-1.83243868139448, 51.170071855701], [-1.83245323696102, 51.1700693855984], [-1.83246777839282, 51.1700668705038], [-1.83260576429845, 51.1700312062317], [-1.83261044423885, 51.1700304575519], [-1.8326151240818, 51.1700297358334], [-1.83261980384939, 51.1700290500976], [-1.83262451205602, 51.1700283913979], [-1.83262922013286, 51.1700277686466], [-1.83263394246241, 51.170027172877], [-1.83263867890311, 51.1700266131103], [-1.83264341526855, 51.170026089292], [-1.83264816583211, 51.1700255924896], [-1.83265293056134, 51.1700251316902], [-1.83265769519323, 51.1700246978521], [-1.83266247399095, 51.1700242999826], [-1.83266725269123, 51.1700239291087], [-1.83267204555724, 51.1700235942377], [-1.83267683834807, 51.1700232953152], [-1.83268163098711, 51.1700230233539], [-1.83268643779187, 51.1700227873955], [-1.8326912445214, 51.1700225874199], [-1.83269605109911, 51.1700224144055], [-1.83270085754702, 51.1700222773737], [-1.83270566395228, 51.1700221673033], [-1.83271048446876, 51.1700220932357], [-1.83271530491019, 51.1700220551166], [-1.83272012519974, 51.170022043993], [-1.83272493111864, 51.1700220687974], [-1.83272975114888, 51.1700221296048], [-1.83273457113647, 51.1700222173735], [-1.83273937664424, 51.1700223411045], [-1.83274418205483, 51.1700224917967], [-1.83274900168589, 51.1700226784919], [-1.83275379254159, 51.1700229011292], [-1.83275859765028, 51.1700231507481], [-1.83276338827932, 51.1700234362949], [-1.83276817877873, 51.1700237578244], [-1.83277296918089, 51.1700241063494], [-1.83277774515801, 51.1700244908025], [-1.83278250674249, 51.1700249021966], [-1.83278728249293, 51.1700253495936], [-1.83279202952266, 51.1700258329327], [-1.83279677645534, 51.170026343233], [-1.83280152325844, 51.170026889516], [-1.8328062413188, 51.1700274627195], [-1.83281097359986, 51.1700280718918], [-1.83281567713809, 51.170028708019], [-1.83282036630579, 51.1700293801085], [-1.83282505528954, 51.1700300881464], [-1.83282972988061, 51.1700308231596], [-1.83283439004671, 51.1700315941008], [-1.83283903582014, 51.1700323920172], [-1.8328436671465, 51.1700332168746], [-1.83284828410237, 51.1700340776944], [-1.83285288657878, 51.1700349744422], [-1.83285747471711, 51.1700358981653], [-1.83286203405821, 51.1700368488089], [-1.83286659332459, 51.170037835401], [-1.83287112387028, 51.1700388579695], [-1.83287565435157, 51.1700398984778], [-1.83288015602536, 51.1700409839152], [-1.83288462904335, 51.1700420873205], [-1.8328891019321, 51.1700432266741], [-1.83289353183709, 51.1700443929625], [-1.83289796155829, 51.1700455951992], [-1.83290236264602, 51.1700468243566], [-1.83290674928665, 51.1700480804892], [-1.83291110720677, 51.170049372564], [-1.83291543647127, 51.1700506825722], [-1.8329197512564, 51.1700520285085], [-1.83292403732107, 51.170053410387], [-1.8329283089932, 51.1700548192407], [-1.83293255200974, 51.1700562460279], [-1.83293676630595, 51.170057708723], [-1.83294096612269, 51.1700592073805], [-1.8329451229883, 51.1700607239512], [-1.83294926546137, 51.1700622674972], [-1.83295337915959, 51.170063846951], [-1.83295746416972, 51.1700654533598], [-1.8329615205244, 51.1700670776679], [-1.83296554815853, 51.1700687379524], [-1.83296954705017, 51.1700704251575], [-1.8329735172539, 51.1700721392834], [-1.83297745876953, 51.1700738803643], [-1.83298137157507, 51.1700756393787], [-1.83298525566021, 51.1700774343353], [-1.83298911105741, 51.1700792562126], [-1.83299292350349, 51.1700810960032], [-1.83299672147018, 51.1700829717562], [-1.83300047648574, 51.1700848654225], [-1.83300418846312, 51.1700867860235], [-1.83300788610275, 51.1700887335656], [-1.83301154070421, 51.1700907080424], [-1.83301515229993, 51.1700927004324], [-1.8330187495034, 51.1700947197635], [-1.83302230372335, 51.1700967659951], [-1.83302581495957, 51.1700988391957], [-1.83302929748578, 51.1701009302956], [-1.83303273697386, 51.1701030483302], [-1.83303614786094, 51.1701051842985], [-1.83303951570983, 51.1701073472015], [-1.83304285481629, 51.1701095370252], [-1.83335269013756, 51.1702789201818], [-1.83335737347036, 51.1702812108274], [-1.83336199945967, 51.1702835463276], [-1.83336656805077, 51.1702859267166], [-1.83337106494804, 51.1702883519741], [-1.83337550450178, 51.1702908220863], [-1.83337988665737, 51.1702933370872], [-1.83338421146933, 51.1702958969771], [-1.83338846458745, 51.1702985017355], [-1.83339264601189, 51.1703011513283], [-1.83339675577472, 51.1703038368026], [-1.83340080822623, 51.1703065581786], [-1.83340477468839, 51.1703093243688], [-1.83340868380692, 51.1703121354478], [-1.83341252129627, 51.170314973387], [-1.83341628705952, 51.1703178651819], [-1.83341998119346, 51.1703207838712], [-1.83342358937029, 51.1703237383875], [-1.83342714023575, 51.1703267288056], [-1.83343060511181, 51.1703297640379], [-1.83343398406286, 51.1703328261443], [-1.83343729143914, 51.1703359151452], [-1.83344051277143, 51.1703390489602], [-1.83344367682473, 51.1703422096557], [-1.83344674065731, 51.1703453972051], [-1.83344973282823, 51.1703486206361], [-1.8334526391288, 51.170351870907], [-1.83345545941748, 51.1703551570393], [-1.83345819386811, 51.1703584609901], [-1.83346085665696, 51.1703618008567], [-1.8334634192574, 51.170365158556], [-1.83346591022851, 51.1703685431154], [-1.8334683152746, 51.1703719545147], [-1.83347062015444, 51.1703753927682], [-1.83347285338245, 51.1703788489289], [-1.83347498644441, 51.1703823318751], [-1.83347703361343, 51.1703858327085], [-1.83347899483495, 51.1703893514288], [-1.83348087021825, 51.1703928879679], [-1.83348264538063, 51.1703964513609], [-1.83348433473695, 51.1704000236197], [-1.83348593814564, 51.1704036137655], [-1.83348744136572, 51.170407221744], [-1.83348885872523, 51.1704108385539], [-1.83349019021383, 51.1704144822725], [-1.83349142157838, 51.1704181258151], [-1.83349255269956, 51.1704217872245], [-1.83349359801462, 51.1704254574655], [-1.83349455746877, 51.1704291366065], [-1.8334954167118, 51.1704328245928], [-1.83349619011624, 51.1704365304665], [-1.83349684910076, 51.170440236144], [-1.83349743655238, 51.1704439417202], [-1.833497923815, 51.1704476651634], [-1.83349831098559, 51.1704513794435], [-1.83349861226286, 51.1704551116109], [-1.83349881344798, 51.1704588346494], [-1.83349891453097, 51.1704625665335], [-1.83349892973078, 51.1704662982618], [-1.83349884480596, 51.1704700298828], [-1.83349867413912, 51.1704737523953], [-1.83349840329331, 51.1704774747318], [-1.83349804664083, 51.1704812059684], [-1.83349757557802, 51.1704849190687], [-1.83349703303668, 51.1704886320337], [-1.83349637602034, 51.170492344871], [-1.83349564758995, 51.1704960395986], [-1.83349480473919, 51.1704997341643], [-1.83349387603709, 51.1705034196214], [-1.83349286159285, 51.17050709597], [-1.83349174708849, 51.1705107541683], [-1.83349053245922, 51.1705144122593], [-1.83348923209777, 51.1705180432332], [-1.83348784590726, 51.1705216740856], [-1.8334863596564, 51.170525286822], [-1.83348478769548, 51.1705288814629], [-1.83348311561979, 51.1705324579533], [-1.83348137209745, 51.1705360253555], [-1.83347951419668, 51.1705395656343], [-1.8334775848815, 51.1705430878375], [-1.83347555541919, 51.1705466008777], [-1.83347344027898, 51.170550086835], [-1.83347123940639, 51.170553545675], [-1.83346895276904, 51.1705569864194], [-1.83346658042147, 51.170560409068], [-1.8334641223192, 51.1705637956122], [-1.83346157850669, 51.1705671640607], [-1.83345893457902, 51.1705705143931], [-1.8334562193015, 51.1705738286414], [-1.83345341829137, 51.1705771158068], [-1.83345054584447, 51.1705803758752], [-1.83344757336924, 51.1705836088404], [-1.83344452954405, 51.1705868057215], [-1.83344139993167, 51.1705899755195], [-1.83343819896921, 51.1705931092678], [-1.83343491227433, 51.1705962158644], [-1.83343153987891, 51.1705992864253], [-1.83342809610137, 51.1706023298548], [-1.83342458089687, 51.1706053282473], [-1.83342098001423, 51.1706082995568], [-1.8325858824767, 51.171212509601], [-1.83258210814591, 51.1712159482111], [-1.83257823381818, 51.1712193507301], [-1.83257427387655, 51.1712227081569], [-1.83257021391595, 51.1712260204711], [-1.83256606828685, 51.1712292876931], [-1.83256182274781, 51.1712325098368], [-1.83255750578165, 51.1712356869085], [-1.83255308890561, 51.1712388188677], [-1.83254858642592, 51.1712418877603], [-1.83254399824521, 51.1712449205821], [-1.8325393244284, 51.1712478993244], [-1.83253457930393, 51.1712508150204], [-1.83252973418256, 51.171253694591], [-1.83252483210401, 51.1712565111356], [-1.83251983009346, 51.1712592735805], [-1.83251477103862, 51.1712619820208], [-1.83250962638029, 51.1712646273602], [-1.83250441040386, 51.1712672276619], [-1.83249912311978, 51.1712697649173], [-1.83249376452807, 51.1712722391264], [-1.83248833459639, 51.1712746592419], [-1.83248284770748, 51.1712770163658], [-1.83247728951097, 51.1712793104434], [-1.8324716743249, 51.1712815504821], [-1.83246598786375, 51.1712837184874], [-1.83246024435849, 51.1712858324537], [-1.83245444392866, 51.171287874407], [-1.83244858645481, 51.1712898623213], [-1.83244268629779, 51.1712917782428], [-1.83243671488793, 51.1712936310836], [-1.83243070084942, 51.1712954119659], [-1.83242464409535, 51.1712971298425], [-1.83241853032991, 51.1712987846587], [-1.83241237393588, 51.1713003675164], [-1.83240617488103, 51.1713018873341], [-1.83239994743898, 51.1713033352136], [-1.83239366307271, 51.1713047110456], [-1.83238735034156, 51.1713060238922], [-1.83238099492748, 51.1713072647459], [-1.83237461118097, 51.1713084336271], [-1.83236818475163, 51.1713095305154], [-1.83236174428606, 51.1713105554173], [-1.83235527545556, 51.1713115173681], [-1.8323487783254, 51.1713123983249], [-1.83234225277597, 51.1713132162963], [-1.8323356989268, 51.1713139533081], [-1.83232913100893, 51.1713146273548], [-1.83232254908736, 51.1713152204622], [-1.8323159530427, 51.1713157505703], [-1.83230934304885, 51.1713161997734], [-1.83230271896445, 51.17131657699], [-1.83229608084397, 51.1713168822544], [-1.83228944298343, 51.171317115587], [-1.83228280547002, 51.1713172679665], [-1.83227615383348, 51.1713173574151], [-1.83226950248956, 51.1713173659105], [-1.83226285140567, 51.1713173024741], [-1.8322562005819, 51.1713171671059], [-1.8322495642817, 51.1713169688135], [-1.83224292830662, 51.171316680615], [-1.83223629255936, 51.1713163294374], [-1.83222968575118, 51.1713158974162], [-1.83222307911629, 51.1713154024159], [-1.83221648712468, 51.1713148265171], [-1.83220992398531, 51.1713141787273], [-1.83220337536986, 51.1713134679789], [-1.8321968413431, 51.1713126763663], [-1.83219033622335, 51.1713118128284], [-1.83218384560543, 51.1713108773791], [-1.83217738386179, 51.1713098790602], [-1.83217096529928, 51.1713087998151], [-1.83216456134766, 51.1713076486929], [-1.83215820051197, 51.1713064346873], [-1.83215186852886, 51.1713051487564], [-1.83214559404462, 51.1713037910096], [-1.83213933408456, 51.1713023703043], [-1.83213311730552, 51.1713008687413], [-1.83212694366458, 51.1712993132821], [-1.83212082750067, 51.1712976769856], [-1.83211475447471, 51.1712959868271], [-1.83210872463013, 51.1712942157424], [-1.83210273795612, 51.1712923818087], [-1.83209680866167, 51.1712904939991], [-1.83209093686642, 51.1712885343394], [-1.83208512251591, 51.1712865027954], [-1.83207936559945, 51.1712844174098], [-1.83207366618224, 51.1712822601742], [-1.83206802414478, 51.1712800490286], [-1.83206243960645, 51.1712777660671], [-1.83205692674376, 51.1712754292504], [-1.83205147134796, 51.1712730295364], [-1.83204610197814, 51.1712705760218], [-1.83204079002061, 51.1712680596443], [-1.83203554988034, 51.1712654804245], [-1.83203038136118, 51.1712628473492], [-1.83202529892278, 51.1712601604392], [-1.83202027395115, 51.1712574106663], [-1.83201533491866, 51.1712546160457], [-1.83201048194474, 51.1712517586373], [-1.8318193259109, 51.1711409993672], [-1.83178576898734, 51.1711291987095], [-1.83174044272233, 51.1711363725808], [-1.83157888147412, 51.1711834850255], [-1.83131803052955, 51.1712952612284], [-1.83124217728941, 51.1713227223563], [-1.83116232401689, 51.1713526864586], [-1.83115970440623, 51.1713532402146], [-1.83115707057576, 51.1713537580014], [-1.8311544224821, 51.1713542667463], [-1.83115177454106, 51.1713547485297], [-1.83114911234769, 51.1713552032968], [-1.83114643592368, 51.171355640069], [-1.83114375959777, 51.1713560498797], [-1.83114106904137, 51.1713564416613], [-1.83113837855032, 51.1713568154686], [-1.83113565959826, 51.1713571532519], [-1.83113295495287, 51.1713574731156], [-1.83113023613157, 51.1713577749502], [-1.83112751740849, 51.1713580497891], [-1.83112478440024, 51.1713583066329], [-1.83112203724872, 51.1713585364949], [-1.83111930443684, 51.1713587393816], [-1.83111655739438, 51.1713589242734], [-1.8311138105046, 51.1713590822038], [-1.83111106362579, 51.1713592221255], [-1.83110830254912, 51.1713593350652], [-1.83110554157072, 51.1713594210091], [-1.83110278071219, 51.171359489013], [-1.83110003419344, 51.1713595300073], [-1.83109727344403, 51.1713595530411], [-1.83109451279288, 51.171359549079], [-1.8310917522946, 51.1713595181213], [-1.83108899180706, 51.1713594692234], [-1.83108623141792, 51.1713593932955], [-1.83108347109414, 51.1713592994275], [-1.83108072521914, 51.1713591785843], [-1.83107796509179, 51.1713590307591], [-1.83107521932604, 51.1713588649457], [-1.83107247371298, 51.1713586721709], [-1.83106974240686, 51.1713584614423], [-1.83106699690304, 51.1713582236973], [-1.83106428011121, 51.1713579680192], [-1.83106154912162, 51.171357685359], [-1.83105883247178, 51.1713573757234], [-1.83105613023795, 51.1713570481342], [-1.83105342810246, 51.1713566935492], [-1.83105072603245, 51.1713563209898], [-1.83104803830209, 51.1713559214894], [-1.83104536504245, 51.171355504001], [-1.83104269182647, 51.1713550595511], [-1.83104003297199, 51.1713545971474], [-1.83103738851181, 51.1713541077684], [-1.83103474420448, 51.171353591428], [-1.83103211417143, 51.1713530660866], [-1.8310295129159, 51.1713525048376], [-1.83102689734262, 51.1713519345809], [-1.83102431051412, 51.1713513374039], [-1.83102173813453, 51.1713507132517], [-1.8310191657659, 51.171350071125], [-1.83101662208762, 51.1713494020437], [-1.83101407847485, 51.171348714988], [-1.83101156357417, 51.1713480099991], [-1.83100904873914, 51.1713472870016], [-1.83100656259434, 51.1713465370837], [-1.83100409084379, 51.1713457602248], [-1.83100163342201, 51.1713449743993], [-1.83099920469062, 51.1713441616191], [-1.83099677607945, 51.1713433308303], [-1.83099437615841, 51.1713424731554], [-1.83099199059903, 51.1713415974924], [-1.83098961940132, 51.1713407038413], [-1.83098727686093, 51.1713397922913], [-1.83098494873684, 51.1713388627533], [-1.83098264930297, 51.1713379062948], [-1.83098034988023, 51.1713369318277], [-1.8309780935201, 51.1713359394479], [-1.83097585146695, 51.1713349291144], [-1.83097362382991, 51.1713339008271], [-1.83097142479593, 51.1713328545721], [-1.83096925450681, 51.1713317813969], [-1.83096709860105, 51.1713306992551], [-1.83096495700239, 51.1713295991251], [-1.83096285844451, 51.1713284720954], [-1.83096077421547, 51.171327336099], [-1.83095871867681, 51.1713261731479], [-1.83095669181736, 51.1713250012851], [-1.83095467926503, 51.1713238114342], [-1.83095269542489, 51.1713226036158], [-1.83095074029674, 51.1713213778985], [-1.83094881373893, 51.1713201432008], [-1.83094691592592, 51.1713188815827], [-1.83094503244172, 51.171317610998], [-1.83094319199847, 51.1713163134793], [-1.8309413657967, 51.171315015981], [-1.83093958263572, 51.1713136915829], [-1.83093781380356, 51.1713123582182], [-1.83093607368358, 51.171311006886], [-1.83093437648438, 51.1713096466284], [-1.83093269364669, 51.1713082684169], [-1.83093105376251, 51.1713068722927], [-1.83092944255776, 51.1713054671883], [-1.83092784571446, 51.1713040441644], [-1.830926291792, 51.1713026121806], [-1.83092476652705, 51.1713011622636], [-1.83092326994154, 51.1712997033663]]]}, "properties": {"ListEntry": 1009614, "Name": "Long barrow and 18 round barrows, forming the greater part of Normanton Down round barrow cemetery", "NGR": "SU 12056 41230", "hyperlink": "https://historicengland.org.uk/listing/the-list/list-entry/1009614", "azimuth_deg": 105.5, "length_m": 647.8, "width_m": 175.4}}, {"type": "Feature", "geometry": {"type": "Polygon", "coordinates": [[[-1.83807057726635, 51.1688887791507], [-1.83802614487731, 51.1688867215999], [-1.83799123126066, 51.1688866734235], [-1.83795318426814, 51.1688746433836], [-1.8379246629985, 51.1688626354701], [-1.83790824445568, 51.1688417780512], [-1.83789626731288, 51.1688147041605], [-1.83787916662286, 51.1686452417906], [-1.83789934174485, 51.1686184101515], [-1.83792701577648, 51.168602667156], [-1.83795715971448, 51.1685963962925], [-1.83837441408005, 51.1685858122318], [-1.83840946146264, 51.1685925686288], [-1.83843690056188, 51.1686031541695], [-1.83845514819562, 51.1686204441611], [-1.83846575135999, 51.1686396389675], [-1.8384685342141, 51.1687975267048], [-1.83844462701949, 51.1688241464639], [-1.838416718619, 51.1688373714723], [-1.83838493863146, 51.168849305255], [-1.83813725007718, 51.1688828823324], [-1.83807057726635, 51.1688887791507]]]}, "properties": {"ListEntry": 1009621, "Name": "Long barrow 350m south west of the Normanton Down round barrow cemetery", "NGR": "SU 11410 41068", "hyperlink": "https://historicengland.org.uk/listing/the-list/list-entry/1009621", "azimuth_deg": 66.8, "length_m": 44.8, "width_m": 37.8}}, {"type": "Feature", "geometry": {"type": "Polygon", "coordinates": [[[-1.89612734654757, 51.2612832502748], [-1.89693034379694, 51.2610844513855], [-1.89722356607663, 51.2615500301142], [-1.89642010276627, 51.261749118249], [-1.89612734654757, 51.2612832502748]]]}, "properties": {"ListEntry": 1009758, "Name": "Ell Barrow, long barrow", "NGR": "SU 07306 51367", "hyperlink": "https://historicengland.org.uk/listing/the-list/list-entry/1009758", "azimuth_deg": 68.4, "length_m": 60.3, "width_m": 55.7}}, {"type": "Feature", "geometry": {"type": "Polygon", "coordinates": [[[-2.08831314557226, 51.2706805816876], [-2.08910629515505, 51.2703734159953], [-2.08923457255842, 51.2704539676579], [-2.08924489371545, 51.2704615400298], [-2.08950775742696, 51.2706520056465], [-2.08947509369635, 51.2706687463205], [-2.08870654939739, 51.2709663376976], [-2.08831314557226, 51.2706805816876]]]}, "properties": {"ListEntry": 1009783, "Name": "Long barrow, Tinhead Hill", "NGR": "ST 93893 52395", "hyperlink": "https://historicengland.org.uk/listing/the-list/list-entry/1009783", "azimuth_deg": 64.3, "length_m": 76.5, "width_m": 47.3}}, {"type": "Feature", "geometry": {"type": "Polygon", "coordinates": [[[-2.14013162028328, 51.2235627316707], [-2.1401481737908, 51.2235625770143], [-2.14016472817777, 51.2235626921732], [-2.14018128382993, 51.2235632389149], [-2.14019784038956, 51.2235640643904], [-2.14021396816461, 51.223565169147], [-2.14023052681647, 51.2235666960208], [-2.14024664242682, 51.2235685021584], [-2.14026320242877, 51.2235704516598], [-2.14027932018799, 51.2235729591615], [-2.14029499443932, 51.223575611087], [-2.14031111349576, 51.2235785412166], [-2.1403267756403, 51.2235818945235], [-2.14034245245768, 51.2235853826859], [-2.14035768670341, 51.2235893029959], [-2.14037290746576, 51.2235934931045], [-2.14038769955613, 51.2235979804349], [-2.14040247810882, 51.2236027375298], [-2.14041681362281, 51.2236077739241], [-2.14043114958084, 51.2236129542125], [-2.14044548683691, 51.2236185570972], [-2.1404589228195, 51.2236244487821], [-2.14047237350365, 51.2236304663702], [-2.1404853668925, 51.2236367812151], [-2.14049836105728, 51.2236433658422], [-2.1405109122116, 51.2236502387221], [-2.14052301988707, 51.2236572470406], [-2.14053467018528, 51.2236645436294], [-2.14054633562656, 51.2236721099491], [-2.14055754324965, 51.223679820712], [-2.14056786355222, 51.2236876853848], [-2.14057862858229, 51.2236958192747], [-2.14058850662318, 51.2237042329967], [-2.14059792643172, 51.2237126562535], [-2.14060690320199, 51.2237213588114], [-2.14061542218031, 51.2237301967916], [-2.14062395586091, 51.2237391786159], [-2.14063160260575, 51.2237484402385], [-2.14063700496913, 51.2237589724489], [-2.14064106251805, 51.2237699288685], [-2.14064377400979, 51.2237808869338], [-2.14064470376106, 51.2237898778597], [-2.14064473780651, 51.2238009740054], [-2.14064298183922, 51.2238120722598], [-2.14063987939681, 51.2238230372853], [-2.14063632610313, 51.2238317548064], [-2.1406309883945, 51.2238422998737], [-2.14062385978631, 51.2238525593258], [-2.14061538378965, 51.2238624067777], [-2.14060601869614, 51.2238718326594], [-2.14059530574411, 51.223880693623], [-2.14058547377285, 51.2238873145432], [-2.14057298166249, 51.2238950536632], [-2.14056180053419, 51.2239006870659], [-2.14054750022735, 51.2239071694324], [-2.14053230991402, 51.223912951525], [-2.140519347944, 51.223916896553], [-2.14050325027746, 51.2239209891921], [-2.1404893826659, 51.2239238202821], [-2.14046791579646, 51.2239281981084], [-2.1404531595008, 51.223930742498], [-2.14043838798264, 51.2239330081667], [-2.14042363041671, 51.2239351389417], [-2.14040887191336, 51.2239369819573], [-2.14039365431624, 51.2239385377953], [-2.1403788937449, 51.2239396884257], [-2.14036367443874, 51.2239406867529], [-2.14034846859072, 51.2239414062906], [-2.14033324798954, 51.2239419819817], [-2.14031804043405, 51.2239421440085], [-2.1403028176856, 51.2239420183272], [-2.14028805232297, 51.2239416223132], [-2.14027284259378, 51.2239410739787], [-2.14025761728714, 51.2239401120142], [-2.14024240541321, 51.2239388623072], [-2.14022763708119, 51.2239374771938], [-2.14021240963154, 51.2239358138549], [-2.14019763951423, 51.2239338622096], [-2.14018286816059, 51.2239314879646], [-2.14016852598268, 51.2239289782961], [-2.14015375372535, 51.2239263253112], [-2.14013942413127, 51.2239232491283], [-2.14012509368714, 51.2239198942074], [-2.14011122109867, 51.2239164038636], [-2.14009733326605, 51.2239126257778], [-2.1400834446387, 51.223908568954], [-2.14006999947287, 51.2239043677033], [-2.14005656733079, 51.2238997438362], [-2.14004357867808, 51.2238949845637], [-2.14003057533096, 51.2238900814109], [-2.14001758495349, 51.2238847556075], [-2.14000548207353, 51.2238792939042], [-2.13999294911629, 51.2238736888156], [-2.1399812888501, 51.2238678039144], [-2.13996964202075, 51.2238616312716], [-2.13995798047061, 51.2238553237702], [-2.13994722064768, 51.2238488712969], [-2.13993645997708, 51.2238421400865], [-2.13992569889801, 51.2238352740004], [-2.13991582520634, 51.2238282540073], [-2.13990596500668, 51.2238209642129], [-2.1398960900589, 51.2238135305387], [-2.13988711683791, 51.223805951962], [-2.1398781570816, 51.2237980945972], [-2.13987007086603, 51.2237902361916], [-2.13986154026228, 51.2237822344523], [-2.13985391102749, 51.2237739528679], [-2.13984672572031, 51.2237656797416], [-2.1398386255505, 51.2237485505753], [-2.13983545983353, 51.2237388519132], [-2.13983319594953, 51.2237290263239], [-2.13983226378427, 51.223719190128], [-2.13983223334116, 51.2237092090309], [-2.13983310552439, 51.2236993796744], [-2.13983486552772, 51.2236895403083], [-2.13983795771312, 51.2236798431843], [-2.13984195252293, 51.2236702798952], [-2.13984684987479, 51.223660859428], [-2.13985264987722, 51.2236515817139], [-2.13985978290955, 51.2236427250462], [-2.13986736068561, 51.2236341466201], [-2.13987582721036, 51.2236258458725], [-2.1398852109987, 51.2236178228037], [-2.13989546966199, 51.2236102213261], [-2.13990664646631, 51.2236031852156], [-2.13991825419509, 51.2235965712246], [-2.1399303214454, 51.2235903703317], [-2.13995357392718, 51.2235845877337], [-2.13996922927524, 51.2235810532055], [-2.13998487124186, 51.2235778064154], [-2.14000098654985, 51.2235748288436], [-2.14001663059944, 51.2235722834178], [-2.14003273376097, 51.2235700162143], [-2.14004928174995, 51.2235680362369], [-2.14006540092377, 51.2235663265186], [-2.14008195055874, 51.2235649040091], [-2.1400985015115, 51.2235638951767], [-2.1401150528759, 51.2235630391565], [-2.14013162028328, 51.2235627316707]]]}, "properties": {"ListEntry": 1009798, "Name": "Oxendean Down long barrow", "NGR": "ST 90303 47183", "hyperlink": "https://historicengland.org.uk/listing/the-list/list-entry/1009798", "azimuth_deg": 109.7, "length_m": 58.4, "width_m": 40.2}}, {"type": "Feature", "geometry": {"type": "Polygon", "coordinates": [[[-2.08415722776308, 51.2199856224379], [-2.08453387173524, 51.219980332968], [-2.08455692946789, 51.2199828340244], [-2.08457707712402, 51.2199835208398], [-2.0845963110494, 51.2199856199998], [-2.08461556155056, 51.2199889780512], [-2.08463391210518, 51.2199934607495], [-2.08465182082483, 51.219999067763], [-2.08466839994743, 51.2200057997355], [-2.08468406481557, 51.2200136563664], [-2.08469795566508, 51.2200223595439], [-2.08471050213271, 51.2200318999392], [-2.08472170423418, 51.220042286536], [-2.08473113180217, 51.2200532409453], [-2.0847383123971, 51.2200647544542], [-2.08474370393483, 51.2200766919255], [-2.08474730616525, 51.2200889183825], [-2.08474911905411, 51.2201014159541], [-2.08474868368733, 51.2201137802476], [-2.08474602887908, 51.2201261461505], [-2.08474156966726, 51.2201383784533], [-2.08473533386004, 51.2201500365988], [-2.08472684948761, 51.2201614265913], [-2.08471701788485, 51.2201721161932], [-2.08470496557897, 51.22018209705], [-2.08469199553236, 51.2201913772059], [-2.08467724819546, 51.2201996784794], [-2.08466115305886, 51.2202070006255], [-2.08464372415228, 51.2202131907509], [-2.08462583526904, 51.2202184011045], [-2.08460704198581, 51.2202223532039], [-2.08458780250935, 51.2202250377297], [-2.08456811705136, 51.2202265986117], [-2.08454842899484, 51.2202267477373], [-2.08452367209334, 51.2202269005274], [-2.08415318085747, 51.2202309177046], [-2.08413619695893, 51.2202299318278], [-2.08411928294207, 51.2202280017098], [-2.08410283979758, 51.2202251631129], [-2.08408679587893, 51.2202214250075], [-2.08407145212051, 51.2202168591076], [-2.08405666520617, 51.2202114116288], [-2.08404267864077, 51.2202051722666], [-2.0840296931436, 51.2201982217944], [-2.08401768000039, 51.220190569289], [-2.08400681123704, 51.220182286489], [-2.083997129934, 51.2201734543157], [-2.08398872208778, 51.2201641446725], [-2.08398160206864, 51.220154330554], [-2.08397589900247, 51.2201441917113], [-2.08397164172377, 51.2201338449898], [-2.08396884449858, 51.2201232364571], [-2.08396752193246, 51.2201125279383], [-2.08396770269556, 51.2201017464425], [-2.08396937290298, 51.2200911257114], [-2.08397253229087, 51.2200805218839], [-2.08397715269652, 51.2200701867545], [-2.0839831482927, 51.220060201371], [-2.08399057629963, 51.2200504936585], [-2.08399926526645, 51.2200413065962], [-2.08400925810291, 51.2200325681877], [-2.08402045475361, 51.2200244044264], [-2.08403271216512, 51.2200169052853], [-2.08404587306625, 51.2200101518291], [-2.08406002320182, 51.2200041080134], [-2.08407491943085, 51.2199988819602], [-2.08409051876662, 51.2199944736316], [-2.084106692473, 51.2199909461323], [-2.08412329736613, 51.2199883175049], [-2.08414019033339, 51.2199866148477], [-2.08415722776308, 51.2199856224379]]]}, "properties": {"ListEntry": 1009808, "Name": "Bowl's Barrow, long barrow", "NGR": "ST 94205 46772", "hyperlink": "https://historicengland.org.uk/listing/the-list/list-entry/1009808", "azimuth_deg": 89.7, "length_m": 54.6, "width_m": 27.7}}, {"type": "Feature", "geometry": {"type": "Polygon", "coordinates": [[[-2.04797677315601, 51.2152593512978], [-2.04799780447573, 51.2152586412702], [-2.04801301145559, 51.2152606042329], [-2.04802733297029, 51.2152646716942], [-2.04803897847918, 51.215269999164], [-2.04804882150655, 51.2152767390972], [-2.04805643219592, 51.2152846039487], [-2.04806092263518, 51.2152933153151], [-2.04816412982305, 51.2155735709645], [-2.04816547747377, 51.2155888837548], [-2.04816236601822, 51.2155981647856], [-2.04815610417632, 51.2156068716041], [-2.04814671999838, 51.215614464735], [-2.04813553030947, 51.2156206558425], [-2.04812211981026, 51.2156252922491], [-2.04810780525963, 51.2156279687874], [-2.04746806840652, 51.2157026937604], [-2.04745107439921, 51.2157034020486], [-2.04743586759555, 51.2157017267699], [-2.04742243455415, 51.2156985041033], [-2.04740990131765, 51.2156931679466], [-2.04739915630404, 51.215686428327], [-2.04739110149465, 51.2156782758912], [-2.04738572317484, 51.2156692860909], [-2.04727895002919, 51.2153976095548], [-2.04727714469729, 51.2153824318142], [-2.04728027063485, 51.2153731598222], [-2.04728607442659, 51.215364444215], [-2.04729501474588, 51.2153567164929], [-2.04730619003473, 51.2153503905628], [-2.04731961483623, 51.2153457452567], [-2.04733392905703, 51.215342790079], [-2.04797677315601, 51.2152593512978]]]}, "properties": {"ListEntry": 1009878, "Name": "Long barrow on Knook Down", "NGR": "ST 96763 46255", "hyperlink": "https://historicengland.org.uk/listing/the-list/list-entry/1009878", "azimuth_deg": 81.1, "length_m": 58.0, "width_m": 43.2}}, {"type": "Feature", "geometry": {"type": "Polygon", "coordinates": [[[-2.10826354752396, 51.1966646221393], [-2.10916393637152, 51.1965173721713], [-2.1093421827164, 51.1969991273044], [-2.10844178503044, 51.1971463696364], [-2.10826354752396, 51.1966646221393]]]}, "properties": {"ListEntry": 1009882, "Name": "West Hill long barrow", "NGR": "ST 92494 44186", "hyperlink": "https://historicengland.org.uk/listing/the-list/list-entry/1009882", "azimuth_deg": 71.7, "length_m": 69.9, "width_m": 59.0}}, {"type": "Feature", "geometry": {"type": "Polygon", "coordinates": [[[-2.11791847488046, 51.2127230839185], [-2.11797661496851, 51.2127178278395], [-2.11805134578711, 51.2127229497707], [-2.11812160255655, 51.2127307468667], [-2.11818828665619, 51.2127410742775], [-2.11822144063782, 51.2127566329715], [-2.11824607771865, 51.2127671467404], [-2.11826714765025, 51.2127879240147], [-2.11828376519179, 51.2128086968011], [-2.11829635232795, 51.2128321442704], [-2.11830045566212, 51.2128634773731], [-2.11830052920844, 51.2128921349216], [-2.11829922929235, 51.2129099854344], [-2.11829479606211, 51.2129230553393], [-2.11828990721717, 51.2129371148342], [-2.11827161930553, 51.2129572215479], [-2.11822200889357, 51.2129782051551], [-2.11817640870746, 51.2129886460491], [-2.11813480385249, 51.2129938854666], [-2.11808068628174, 51.2129991464891], [-2.11802699272077, 51.212996664951], [-2.11799388607239, 51.2129940277449], [-2.11796880555153, 51.2129836582917], [-2.11793564471606, 51.2129654289236], [-2.11790245048955, 51.2129341341601], [-2.11787733695656, 51.212910834176], [-2.11786070698609, 51.2128795137018], [-2.11785213652783, 51.2128535353687], [-2.11784399726372, 51.2128170089391], [-2.11784529600482, 51.2127986099111], [-2.11784704710429, 51.212783564466], [-2.11785012138181, 51.2127652985564], [-2.11785636108694, 51.2127532069505], [-2.11786751138647, 51.2127411194122], [-2.1178853810758, 51.2127309853439], [-2.11791847488046, 51.2127230839185]]]}, "properties": {"ListEntry": 1009894, "Name": "Middleton Down long barrow", "NGR": "ST 91849 45969", "hyperlink": "https://historicengland.org.uk/listing/the-list/list-entry/1009894", "azimuth_deg": 120.7, "length_m": 36.5, "width_m": 31.1}}, {"type": "Feature", "geometry": {"type": "Polygon", "coordinates": [[[-2.10781377502212, 51.2130225594048], [-2.10780078932326, 51.2130223016378], [-2.1077942037284, 51.2130223077142], [-2.10699261870211, 51.2130221993212], [-2.10696757353515, 51.2130198393401], [-2.1069519063665, 51.2130177405872], [-2.10693758070905, 51.2130138241844], [-2.10692413870586, 51.2130082164733], [-2.10691294120213, 51.2130011949456], [-2.1069048637245, 51.2129937569503], [-2.10689858622324, 51.2129846357968], [-2.10689498460435, 51.2129749456653], [-2.10689407611623, 51.2129659544737], [-2.10689628866289, 51.2129569604264], [-2.10689555790003, 51.2126419525634], [-2.10689775147708, 51.2126248117413], [-2.10690221263105, 51.2126162382688], [-2.10690845000675, 51.2126080858036], [-2.10691649253338, 51.2126004891597], [-2.10692675637816, 51.21259387961], [-2.10693792445796, 51.2125882403857], [-2.10695045551983, 51.2125838767987], [-2.10696386250077, 51.212580636377], [-2.10697951978576, 51.212578517896], [-2.10699427898973, 51.2125780817463], [-2.1078110267932, 51.2125760899886], [-2.10782203346892, 51.212574946806], [-2.10783319898151, 51.2125743970008], [-2.1078443660004, 51.2125744676107], [-2.10785553437481, 51.212575140696], [-2.10786656106193, 51.2125764343629], [-2.10787728847477, 51.2125783127744], [-2.10788777384797, 51.212580775912], [-2.10789794566012, 51.2125838327946], [-2.10790757467623, 51.212587402716], [-2.10791668951366, 51.2125914856842], [-2.10792517553168, 51.2125960547752], [-2.10793304703048, 51.2126010830492], [-2.1079400890198, 51.2126064627568], [-2.10794650216879, 51.2126123196351], [-2.10795198534082, 51.2126184201266], [-2.10795659583327, 51.2126247912426], [-2.10796034802977, 51.2126314418541], [-2.1079631557801, 51.2126382911915], [-2.10796499015067, 51.2126452043721], [-2.10796586558842, 51.2126522173313], [-2.10796576749805, 51.2126592311901], [-2.10796468150743, 51.2126662190007], [-2.10796470573503, 51.2126765598202], [-2.10795870676881, 51.2129269662661], [-2.10795861133122, 51.2129351131122], [-2.10795734201321, 51.2129432970257], [-2.10795494128911, 51.21295130214], [-2.10795145206328, 51.2129591194284], [-2.10794681713022, 51.2129667849262], [-2.10794112210109, 51.2129741726321], [-2.10793446695053, 51.2129811566001], [-2.10792682306944, 51.2129877638178], [-2.10791821904532, 51.2129939582758], [-2.10790894068478, 51.2129995598654], [-2.10789878794042, 51.2130046857062], [-2.10788788940074, 51.2130092547269], [-2.10787658837674, 51.2130131317353], [-2.10786459881771, 51.2130164159221], [-2.10785227831841, 51.213019007996], [-2.10783966983904, 51.2130208989645], [-2.10782680199748, 51.2130220888011], [-2.10781377502212, 51.2130225594048]]]}, "properties": {"ListEntry": 1009895, "Name": "Norton Down long barrow", "NGR": "ST 92592 45961", "hyperlink": "https://historicengland.org.uk/listing/the-list/list-entry/1009895", "azimuth_deg": 87.1, "length_m": 76.6, "width_m": 52.4}}, {"type": "Feature", "geometry": {"type": "Polygon", "coordinates": [[[-2.18211328021217, 51.2224692369486], [-2.18218306361564, 51.2224629509949], [-2.18224350255879, 51.2224690346416], [-2.18227349859874, 51.2224753094432], [-2.18235367797096, 51.2224941580768], [-2.18238378850835, 51.2225255745334], [-2.1824143677087, 51.2225631857871], [-2.18243423296475, 51.2226072699993], [-2.18244475444175, 51.2226638767487], [-2.18241489446948, 51.2226953954717], [-2.18239483607064, 51.2227142560976], [-2.18230463687564, 51.2227648328942], [-2.18219476167795, 51.222815305351], [-2.18218227667241, 51.2228265648441], [-2.18215457207605, 51.2228384144763], [-2.18212819478357, 51.2228419623506], [-2.18210940253213, 51.2228443834518], [-2.18209284898027, 51.2228444091574], [-2.18207047175764, 51.2228455679124], [-2.18204047229251, 51.2228420985603], [-2.18201986695504, 51.2228351077492], [-2.18200462200193, 51.2228257166988], [-2.18199339164688, 51.2228175873227], [-2.18198440888232, 51.2228093105604], [-2.18193388964047, 51.2227086507198], [-2.18192577552646, 51.2226919380395], [-2.18191991541035, 51.2226802933859], [-2.18191806422874, 51.222668489663], [-2.1819144148792, 51.2226474178797], [-2.18191789672752, 51.222626335068], [-2.18191784034604, 51.2226121456658], [-2.18191422844512, 51.2226004975241], [-2.18192175737723, 51.2225816564531], [-2.18192884236567, 51.222562816036], [-2.18193460028958, 51.2225487614758], [-2.1819399327305, 51.2225393384898], [-2.18195282927752, 51.2225199315773], [-2.18198318301672, 51.2225009111873], [-2.18204305347965, 51.2224756674118], [-2.18211328021217, 51.2224692369486]]]}, "properties": {"ListEntry": 1009918, "Name": "Colloway Clump long barrow", "NGR": "ST 87374 47066", "hyperlink": "https://historicengland.org.uk/listing/the-list/list-entry/1009918", "azimuth_deg": 10.4, "length_m": 43.4, "width_m": 37.7}}, {"type": "Feature", "geometry": {"type": "Polygon", "coordinates": [[[-1.91586989127264, 51.2440332514946], [-1.91589093757899, 51.2440326999228], [-1.9159119825387, 51.2440328586964], [-1.91593302627826, 51.2440337188625], [-1.91595405412595, 51.2440354152502], [-1.91597465066971, 51.2440379565524], [-1.91599523186836, 51.2440410643638], [-1.91601536740826, 51.2440450080929], [-1.91603507194664, 51.2440496618636], [-1.91605430238136, 51.244055016693], [-1.9160731017778, 51.2440610725432], [-1.91609144149965, 51.2440678294627], [-1.91610889192911, 51.2440751432533], [-1.91645375706715, 51.2442479237855], [-1.91647073245099, 51.24426451688], [-1.91648056814856, 51.2442760424562], [-1.91648950053348, 51.2442879900592], [-1.91649753010871, 51.2443000808526], [-1.91650467094847, 51.2443124497885], [-1.91651046458811, 51.2443250965448], [-1.91651537004883, 51.2443377426417], [-1.91651892829139, 51.2443506755461], [-1.91652158368202, 51.2443637426889], [-1.91652290679974, 51.2443768089289], [-1.91652334142081, 51.2443900183701], [-1.91652241528041, 51.2444030829936], [-1.91652060090115, 51.2444161470265], [-1.91651789854208, 51.24442906654], [-1.91651339105077, 51.2444419937705], [-1.91650843966987, 51.2444547767936], [-1.91650215647414, 51.2444672711926], [-1.91649497120421, 51.2444794951409], [-1.91648643953949, 51.2444915743149], [-1.91647702035528, 51.2445032212477], [-1.91646669888978, 51.2445147416237], [-1.91645549016373, 51.244525685932], [-1.91644293526777, 51.2445363595099], [-1.91642993729676, 51.2445464662849], [-1.91641603720977, 51.2445562936546], [-1.91640079148804, 51.2445655536195], [-1.91638556108682, 51.2445742560564], [-1.916368984807, 51.2445825259611], [-1.91635195130707, 51.2445901031309], [-1.91633447441793, 51.2445972573909], [-1.91631611060537, 51.2446037096598], [-1.91629774800258, 51.2446094605293], [-1.9162784839148, 51.2446146442705], [-1.91625877670014, 51.2446192612063], [-1.91623862658716, 51.2446231854501], [-1.91621846369979, 51.2446262554709], [-1.91619787208311, 51.2446287766357], [-1.916177281697, 51.244630587482], [-1.91615623385302, 51.2446318404648], [-1.91613563170546, 51.2446322395482], [-1.91611458666497, 51.2446319459047], [-1.91609355727044, 51.2446309509055], [-1.91607295894118, 51.2446292458575], [-1.91605237618876, 51.2446268484409], [-1.91603223887664, 51.2446237409859], [-1.91601208820653, 51.2446200759814], [-1.91599239754179, 51.2446155660755], [-1.91597316637695, 51.2446104900024], [-1.91595436600453, 51.2446048567288], [-1.91560955160027, 51.2444038400966], [-1.91559078464417, 51.2443878120948], [-1.91558006039644, 51.2443765645477], [-1.91556978107131, 51.2443648947217], [-1.91556084916972, 51.2443528031904], [-1.91555326416539, 51.2443405777434], [-1.91554656824433, 51.2443279213472], [-1.9155412192025, 51.2443151399884], [-1.91553677299728, 51.2443022064245], [-1.91553365936729, 51.2442891389354], [-1.915531892701, 51.2442759285103], [-1.91553101427099, 51.2442627187516], [-1.91553194093221, 51.2442495192305], [-1.91553375584409, 51.244236311389], [-1.9155364587268, 51.24422324804], [-1.91554052262377, 51.2442101856252], [-1.9155459183332, 51.2441974029608], [-1.91555264585428, 51.2441848999436], [-1.91556027566113, 51.2441725414628], [-1.91556880754504, 51.2441604713786], [-1.91557868532687, 51.2441488068719], [-1.91558989493896, 51.2441374400539], [-1.91560200602478, 51.2441266313784], [-1.91561456074004, 51.244116101751], [-1.91562844673745, 51.2441061395582], [-1.91564324863574, 51.2440967355172], [-1.91565892337033, 51.2440878896313], [-1.9156755142354, 51.2440794759758], [-1.91569253360256, 51.2440717549983], [-1.91571045421946, 51.2440647450083], [-1.91572881788714, 51.244058301854], [-1.91574763880451, 51.2440525513972], [-1.91576734661649, 51.24404750293], [-1.9157870531308, 51.2440431648084], [-1.91580764629557, 51.2440396635833], [-1.91582825285402, 51.2440367288192], [-1.91584885781723, 51.2440346393425], [-1.91586989127264, 51.2440332514946]]]}, "properties": {"ListEntry": 1009936, "Name": "Long barrow in Barrow Plantation, East Down", "NGR": "SU 05957 49466", "hyperlink": "https://historicengland.org.uk/listing/the-list/list-entry/1009936", "azimuth_deg": 131.6, "length_m": 74.3, "width_m": 52.8}}, {"type": "Feature", "geometry": {"type": "Polygon", "coordinates": [[[-2.06352753227024, 51.2007521000644], [-2.06396100016504, 51.2003548024409], [-2.06460099474619, 51.2006127818601], [-2.06415230704149, 51.2010244502636], [-2.06352753227024, 51.2007521000644]]]}, "properties": {"ListEntry": 1009938, "Name": "Knook barrow, long barrow", "NGR": "ST 95620 44611", "hyperlink": "https://historicengland.org.uk/listing/the-list/list-entry/1009938", "azimuth_deg": 46.5, "length_m": 65.0, "width_m": 63.2}}, {"type": "Feature", "geometry": {"type": "Polygon", "coordinates": [[[-2.05536244532732, 51.2324887780565], [-2.05571010140755, 51.2323859064201], [-2.05597636409693, 51.2327196056226], [-2.05599699147432, 51.2327453127446], [-2.05575133568978, 51.2328096329534], [-2.0555870559037, 51.2327872314083], [-2.05554670018938, 51.2327327413457], [-2.05536244532732, 51.2324887780565]]]}, "properties": {"ListEntry": 1010027, "Name": "Long barrow south-west of Imber", "NGR": "ST 96208 48159", "hyperlink": "https://historicengland.org.uk/listing/the-list/list-entry/1010027", "azimuth_deg": 144.5, "length_m": 49.0, "width_m": 33.0}}, {"type": "Feature", "geometry": {"type": "Polygon", "coordinates": [[[-1.81834379083902, 51.2069913449348], [-1.81836212858438, 51.2069912294618], [-1.81838046514833, 51.2069914017089], [-1.81839880123879, 51.2069917088619], [-1.81841669301604, 51.2069921501654], [-1.81843504223287, 51.2069927450578], [-1.81845337610667, 51.2069936186956], [-1.81847170992669, 51.2069944922961], [-1.81849005648986, 51.206995779595], [-1.81850838865752, 51.2069970758216], [-1.81852627656747, 51.2069985062334], [-1.81854460713822, 51.2070002250861], [-1.81856249339693, 51.2070020781586], [-1.81858082282545, 51.2070040757416], [-1.81859870799682, 51.2070062075444], [-1.81861659207965, 51.2070086180806], [-1.81863447556645, 51.2070111814968], [-1.81865235852793, 51.2070138797505], [-1.81867604124015, 51.207019671293], [-1.81869168447168, 51.2070240565825], [-1.81870642323001, 51.2070291328916], [-1.81872117459179, 51.2070346318527], [-1.8187354662318, 51.2070405617232], [-1.81874885443457, 51.2070469038093], [-1.81876179669563, 51.2070538117018], [-1.81877429355793, 51.2070611325521], [-1.81878634551345, 51.2070687404731], [-1.81879749408651, 51.2070767606106], [-1.81880775340425, 51.2070852109953], [-1.81881756790483, 51.2070939394298], [-1.81882647896757, 51.2071030801501], [-1.81883448764632, 51.2071123633044], [-1.81884205091003, 51.207122077392], [-1.81884872663819, 51.207131781156], [-1.81885449894688, 51.2071419061249], [-1.81885938312209, 51.2071521735848], [-1.81886336556257, 51.2071624306652], [-1.81886690309364, 51.2071729748178], [-1.81886910931893, 51.207183516915], [-1.81887041324588, 51.2071941924945], [-1.81887081525636, 51.2072048756689], [-1.81887077356909, 51.2072155491711], [-1.81886938628585, 51.2072262295832], [-1.8188671119883, 51.2072367647292], [-1.81886437964936, 51.2072472992024], [-1.81886031661626, 51.2072576877587], [-1.81885535226027, 51.2072679310267], [-1.81884994469532, 51.2072780387349], [-1.8188431926544, 51.207287865595], [-1.81883599738408, 51.2072975479423], [-1.81882791567764, 51.2073069501141], [-1.81881893322732, 51.2073160721911], [-1.81880950863623, 51.2073247709159], [-1.81879918282854, 51.2073333243859], [-1.81878797109077, 51.2073414538865], [-1.81877630295943, 51.2073491600469], [-1.81876419217933, 51.2073565867503], [-1.81875119599626, 51.2073634545752], [-1.81873775772668, 51.2073698991156], [-1.81872386253674, 51.2073760551895], [-1.81870908247154, 51.2073815174752], [-1.81869428927523, 51.2073866920484], [-1.81867862554644, 51.2073911638682], [-1.81866294921482, 51.207395213032], [-1.81864727447865, 51.2073988395618], [-1.81863071501327, 51.2074017633843], [-1.81861415714433, 51.2074042645383], [-1.81859669306526, 51.2074078973165], [-1.81857878688259, 51.2074110977528], [-1.81856088122505, 51.2074141633462], [-1.8185425323387, 51.2074170843547], [-1.81852462889326, 51.2074195834492], [-1.81850626849495, 51.2074218030623], [-1.81848792287527, 51.2074238877857], [-1.81846957843469, 51.2074256848177], [-1.81845123559269, 51.2074270591806], [-1.81843243527082, 51.2074282889703], [-1.81841409410078, 51.2074292497171], [-1.8183952959602, 51.2074299219946], [-1.81837695638926, 51.2074304601037], [-1.81835817477325, 51.2074305659386], [-1.81833982369665, 51.2074304026178], [-1.81832104373616, 51.2074300858149], [-1.81830270913154, 51.2074293560514], [-1.81828391704927, 51.2074284816799], [-1.81826558412133, 51.207427338266], [-1.81824679426052, 51.2074258974297], [-1.81822846350015, 51.2074241875167], [-1.81821013392366, 51.2074221898436], [-1.81819180538681, 51.2074199134317], [-1.81817392120524, 51.2074174938431], [-1.81815558060549, 51.2074146598973], [-1.8181376986139, 51.207411682797], [-1.81811981775304, 51.2074084179367], [-1.81810193795262, 51.2074048833248], [-1.81808451732529, 51.2074010616631], [-1.81806708301278, 51.2073970961152], [-1.81804965026786, 51.2073927169294], [-1.8180326761839, 51.2073881945981], [-1.81801568836087, 51.2073835283806], [-1.8179937949484, 51.2073777395369], [-1.81797949722494, 51.2073733562219], [-1.81796564486238, 51.2073685599483], [-1.81795223795074, 51.2073633417638], [-1.81793929136203, 51.2073575577949], [-1.81792678957017, 51.2073515047295], [-1.81791474808241, 51.2073448768927], [-1.81790313717449, 51.2073379709848], [-1.81789242919473, 51.2073307877044], [-1.81788216663131, 51.2073231915009], [-1.81787236380732, 51.2073151643881], [-1.81786344903922, 51.2073070037427], [-1.81785542345644, 51.2072984218759], [-1.81784785648263, 51.2072896968234], [-1.8178411781832, 51.2072806944116], [-1.81783495902181, 51.207271413974], [-1.81783007115369, 51.2072621265804], [-1.81782564244212, 51.2072525701484], [-1.81782164377857, 51.2072428705212], [-1.81781900555009, 51.2072330291424], [-1.81781681105607, 51.2072231884178], [-1.81781550466814, 51.2072132141961], [-1.81781510005354, 51.2072032414079], [-1.81781558304949, 51.2071932609757], [-1.81781696721729, 51.2071834347913], [-1.81781879577203, 51.2071734564813], [-1.81782195506796, 51.2071636240643], [-1.81782557183667, 51.2071539362538], [-1.81783008986506, 51.207144393704], [-1.81783505109408, 51.2071349867169], [-1.81784134253194, 51.2071258605656], [-1.81784809149592, 51.2071168789861], [-1.81785528362422, 51.2071080419562], [-1.81786382021231, 51.2070994857836], [-1.81787279892413, 51.2070913528963], [-1.81788222088937, 51.2070833556056], [-1.81789254296212, 51.2070757823446], [-1.81790330768797, 51.207068497494], [-1.81791451457272, 51.2070616269412], [-1.8179266220942, 51.2070550455775], [-1.81793917177455, 51.2070488785112], [-1.81795216301391, 51.207043278625], [-1.81796559685212, 51.2070379671483], [-1.81797948710199, 51.207033070025], [-1.81799381894676, 51.2070287311286], [-1.81800814909524, 51.207024823815], [-1.81802292140423, 51.2070213307979], [-1.81803814952626, 51.2070184050165], [-1.81805381919039, 51.207016037427], [-1.81807126556308, 51.207013258953], [-1.81808917000663, 51.207010472204], [-1.81810707331966, 51.2070079731753], [-1.81812497553762, 51.207005752914], [-1.81814333579176, 51.2070035333599], [-1.81816123687813, 51.2070016008505], [-1.81817913746953, 51.2069997942256], [-1.81819748124596, 51.2069981411342], [-1.81821582390922, 51.2069967577888], [-1.81823372280513, 51.2069953827744], [-1.81825207870012, 51.2069942872028], [-1.81827041966906, 51.2069933354676], [-1.81828875959965, 51.2069926624999], [-1.81830709951047, 51.2069919805078], [-1.81832543831284, 51.2069915952916], [-1.81834379083902, 51.2069913449348]]]}, "properties": {"ListEntry": 1010052, "Name": "Knighton long barrow", "NGR": "SU 12786 45350", "hyperlink": "https://historicengland.org.uk/listing/the-list/list-entry/1010052", "azimuth_deg": 91.0, "length_m": 73.8, "width_m": 48.9}}, {"type": "Feature", "geometry": {"type": "Polygon", "coordinates": [[[-1.84568560833829, 51.2186684357713], [-1.84571111213241, 51.2186676240905], [-1.84573662466246, 51.2186685029304], [-1.84576167338722, 51.2186710626134], [-1.84578625872799, 51.2186751773226], [-1.84580996513001, 51.2186809633422], [-1.84583276425406, 51.2186883037705], [-1.84585419854042, 51.2186970361375], [-1.84587385265246, 51.2187071779059], [-1.84589172754788, 51.2187184413228], [-1.84590779412709, 51.2187309702454], [-1.84592160995083, 51.2187443414298], [-1.84593320316569, 51.2187586808004], [-1.84594210264971, 51.2187735831182], [-1.84594875224562, 51.2187890490014], [-1.84595273773865, 51.2188047901165], [-1.84595401608534, 51.2188208064074], [-1.84595263122044, 51.218836828219], [-1.8459485410871, 51.2188525587197], [-1.84594178872352, 51.2188679979658], [-1.84593278971592, 51.2188830206508], [-1.84592110165165, 51.2188971945429], [-1.84590719651769, 51.2189106641564], [-1.84589104715193, 51.2189230068262], [-1.84587309692157, 51.2189343670292], [-1.84585337588373, 51.2189443131199], [-1.84583188353017, 51.218952998047], [-1.84580903562078, 51.2189602784275], [-1.84578529076844, 51.2189660020166], [-1.84576067812473, 51.2189700429656], [-1.84573561238395, 51.2189725457146], [-1.84571009408772, 51.2189733483609], [-1.84568459572603, 51.2189724785559], [-1.84565954687324, 51.2189699098357], [-1.84563494699257, 51.2189658041028], [-1.84561125483244, 51.2189600180672], [-1.84558846986625, 51.2189526776151], [-1.84556700692105, 51.2189439361411], [-1.84554735229641, 51.2189339382158], [-1.84552950650268, 51.2189225308903], [-1.84551343947967, 51.2189101458102], [-1.8454996099181, 51.2188966396861], [-1.84548801635302, 51.2188824351455], [-1.84547911747376, 51.218867388899], [-1.84547245362781, 51.2188519319913], [-1.84546848265866, 51.2188361908785], [-1.8454671901438, 51.2188201655418], [-1.84546858951061, 51.2188041527755], [-1.8454726654369, 51.2187884222721], [-1.84547943233985, 51.2187729740503], [-1.8454884309927, 51.2187580952936], [-1.84550011960349, 51.2187437865713], [-1.84551403861147, 51.2187304518973], [-1.84553018848993, 51.2187179653849], [-1.84554810961962, 51.2187067490904], [-1.84556783110135, 51.2186966591568], [-1.84558935197642, 51.2186879833369], [-1.84561218553029, 51.2186807029804], [-1.84563591589289, 51.2186749794076], [-1.84566054278629, 51.2186709294826], [-1.84568560833829, 51.2186684357713]]]}, "properties": {"ListEntry": 1010091, "Name": "Long barrow north of Robin Hood Ball Clump", "NGR": "SU 10872 46636", "hyperlink": "https://historicengland.org.uk/listing/the-list/list-entry/1010091", "azimuth_deg": 178.9, "length_m": 34.0, "width_m": 34.0}}, {"type": "Feature", "geometry": {"type": "Polygon", "coordinates": [[[-1.93399283322482, 51.4227073400262], [-1.93405399312742, 51.4226820808145], [-1.93407401351985, 51.4228216070673], [-1.93368838380031, 51.4228341758798], [-1.93368851388792, 51.4227442590891], [-1.93399283322482, 51.4227073400262]]]}, "properties": {"ListEntry": 1010135, "Name": "Long barrow 85m west of Cherhill Monument", "NGR": "SU 04693 69309", "hyperlink": "https://historicengland.org.uk/listing/the-list/list-entry/1010135", "azimuth_deg": 75.2, "length_m": 28.9, "width_m": 15.4}}, {"type": "Feature", "geometry": {"type": "Polygon", "coordinates": [[[-2.25891287014405, 51.543952120931], [-2.25977806567126, 51.5439502023794], [-2.25977135831296, 51.5443548397069], [-2.25891516763212, 51.544356738252], [-2.25891287014405, 51.543952120931]]]}, "properties": {"ListEntry": 1010395, "Name": "Long barrow 600m north of Hebden Farm", "NGR": "ST 82111 82838", "hyperlink": "https://historicengland.org.uk/listing/the-list/list-entry/1010395", "azimuth_deg": 89.5, "length_m": 60.4, "width_m": 45.5}}, {"type": "Feature", "geometry": {"type": "Polygon", "coordinates": [[[-2.3166549182417, 51.4998801546474], [-2.31724871033717, 51.4995528876379], [-2.31748713571245, 51.4997213925108], [-2.31716332423975, 51.499899855194], [-2.31688610415454, 51.5000434920905], [-2.3166549182417, 51.4998801546474]]]}, "properties": {"ListEntry": 1010396, "Name": "Long barrow 400m north-west of Fox Covert", "NGR": "ST 78087 77921", "hyperlink": "https://historicengland.org.uk/listing/the-list/list-entry/1010396", "azimuth_deg": 48.7, "length_m": 55.0, "width_m": 25.1}}, {"type": "Feature", "geometry": {"type": "Polygon", "coordinates": [[[-2.24478189078432, 51.505862379611], [-2.24486303315781, 51.5054609572439], [-2.24586347149634, 51.5055396479636], [-2.24578278428773, 51.5059410700291], [-2.24478189078432, 51.505862379611]]]}, "properties": {"ListEntry": 1010397, "Name": "Long barrow 500m north of Lugbury Farm", "NGR": "ST 83069 78559", "hyperlink": "https://historicengland.org.uk/listing/the-list/list-entry/1010397", "azimuth_deg": 97.4, "length_m": 70.0, "width_m": 45.0}}, {"type": "Feature", "geometry": {"type": "Polygon", "coordinates": [[[-2.14752102114545, 51.1989970853159], [-2.14798931996341, 51.1988640026895], [-2.14835856669831, 51.1994973363471], [-2.14794918247582, 51.1995933970727], [-2.14752102114545, 51.1989970853159]]]}, "properties": {"ListEntry": 1010399, "Name": "King Barrow: a long barrow 100m north of Bishopstrow House", "NGR": "ST 89759 44457", "hyperlink": "https://historicengland.org.uk/listing/the-list/list-entry/1010399", "azimuth_deg": 158.1, "length_m": 75.0, "width_m": 35.9}}, {"type": "Feature", "geometry": {"type": "Polygon", "coordinates": [[[-2.22026172420915, 51.1439843680803], [-2.22030191783986, 51.1439773953679], [-2.22033119095296, 51.143979642144], [-2.22035314490403, 51.1439818937596], [-2.22037878040432, 51.1439887514015], [-2.22039711868968, 51.1440002177626], [-2.22052211945858, 51.1441357183435], [-2.22077215273325, 51.1444159089785], [-2.22083468876231, 51.1444894184787], [-2.22085310428346, 51.14451698955], [-2.22086790421694, 51.1445537664339], [-2.22087905884057, 51.1445905591576], [-2.22086824488004, 51.1446250824508], [-2.22084277379082, 51.1446527364475], [-2.22081362111104, 51.144675802396], [-2.22076986950912, 51.1447011889181], [-2.22069683765444, 51.1447289327412], [-2.22060921781842, 51.1447613079691], [-2.22050425144629, 51.1447954334067], [-2.22048998153411, 51.1448008016392], [-2.22047571093261, 51.1448060260073], [-2.22046143968499, 51.1448111155326], [-2.22044716706208, 51.1448159172625], [-2.22043245060684, 51.1448205849511], [-2.22041727604342, 51.144825109638], [-2.22040255826525, 51.1448294895977], [-2.2203873816815, 51.1448335916459], [-2.22036773489926, 51.1448355979836], [-2.22035077028906, 51.1448364752098], [-2.22033647553603, 51.1448366370345], [-2.22032217748383, 51.1448361065063], [-2.22030518851658, 51.1448348706137], [-2.22028820916817, 51.1448326545813], [-2.22027434619594, 51.1448304326733], [-2.22025824648676, 51.144826812221], [-2.22024258662542, 51.1448224895246], [-2.22022738148814, 51.1448175994669], [-2.22021261546023, 51.1448118633374], [-2.22019917564267, 51.1448054323158], [-2.22018619056184, 51.1447984249124], [-2.22017588205355, 51.1447921228658], [-2.22016467859319, 51.1447839970737], [-2.22015435938735, 51.1447754470108], [-2.22014493814733, 51.1447663287535], [-2.22012879968473, 51.1447545614604], [-2.22011804065717, 51.1447467046144], [-2.22010728103402, 51.1447387218791], [-2.22009652137161, 51.1447307301214], [-2.220086204202, 51.1447226026872], [-2.22007544454699, 51.1447146109276], [-2.22006512743921, 51.1447064834914], [-2.22005482456799, 51.1446983560276], [-2.22004450678266, 51.1446900846928], [-2.22003418963111, 51.1446819572198], [-2.22002432927119, 51.1446736850565], [-2.22001445462714, 51.144665412885], [-2.22000413617186, 51.1446569976842], [-2.21999427518076, 51.1446485906087], [-2.21998485796503, 51.1446403175737], [-2.21997498200908, 51.144631766661], [-2.21996512102867, 51.144623359583], [-2.21995568822145, 51.1446147988132], [-2.2199462696936, 51.1446062470372], [-2.21993685122377, 51.1445976952605], [-2.21992741841544, 51.1445891435099], [-2.21991799926814, 51.1445804478348], [-2.21990902329677, 51.1445717603466], [-2.21990004728585, 51.1445630638363], [-2.2198910712785, 51.1445543673596], [-2.21988209463293, 51.1445455359725], [-2.21987311863236, 51.1445368394945], [-2.21986414199364, 51.1445280081061], [-2.2198556220907, 51.1445190319941], [-2.21984708859945, 51.1445101907836], [-2.21983855441565, 51.1445012146972], [-2.2198300202897, 51.14449223861], [-2.21982150039998, 51.1444832624956], [-2.21981340940918, 51.1444742855738], [-2.21980533270895, 51.1444653086247], [-2.21979679795495, 51.1444561976597], [-2.21978916370552, 51.1444470760136], [-2.21978107204336, 51.1444379551929], [-2.21977299403089, 51.1444286995036], [-2.21976534555769, 51.1444195778484], [-2.21975771067948, 51.1444103213248], [-2.21975007585889, 51.1444010648007], [-2.21974244098665, 51.1443918082419], [-2.21973479188475, 51.1443825517436], [-2.21972759951707, 51.144373150488], [-2.21972040779321, 51.1443638841075], [-2.21971321547424, 51.1443544918725], [-2.21970602311533, 51.1443450906157], [-2.21969883075932, 51.1443356893584], [-2.2196175343702, 51.1442426835835], [-2.21967138368639, 51.1442002923635], [-2.22015474718566, 51.1440132186067], [-2.22018867462339, 51.1440052146386], [-2.22021787104739, 51.1439913566958], [-2.22026172420915, 51.1439843680803]]]}, "properties": {"ListEntry": 1010416, "Name": "Long barrow on Cold Kitchen Hill", "NGR": "ST 84689 38373", "hyperlink": "https://historicengland.org.uk/listing/the-list/list-entry/1010416", "azimuth_deg": 154.1, "length_m": 89.4, "width_m": 64.4}}, {"type": "Feature", "geometry": {"type": "Polygon", "coordinates": [[[-2.18306354682053, 51.1357432379459], [-2.18307873983513, 51.1357432141364], [-2.18309347715806, 51.1357436046551], [-2.18310867409017, 51.135744569974], [-2.18312341474277, 51.1357458147459], [-2.18313815765916, 51.1357476170604], [-2.18401989851479, 51.1359874719295], [-2.1839077775744, 51.136434439792], [-2.18267118546863, 51.1361414655851], [-2.18281197551845, 51.1358284904885], [-2.18282755999733, 51.13581540056], [-2.18283780801288, 51.1358082177951], [-2.1828480434664, 51.1358014576864], [-2.1828587373495, 51.1357949756333], [-2.18287033279746, 51.1357887798948], [-2.18288192934499, 51.1357828629275], [-2.18289441367052, 51.1357773581851], [-2.18290689970056, 51.1357722850633], [-2.18291983040929, 51.13576762486], [-2.18293320535363, 51.1357632517551], [-2.18294703931631, 51.1357592915458], [-2.18296087493006, 51.1357557629569], [-2.18297515584736, 51.1357527911484], [-2.18298943786625, 51.1357500981448], [-2.1830041646556, 51.1357478270458], [-2.18301889306179, 51.1357459785457], [-2.18303363801326, 51.1357446875658], [-2.18304881282754, 51.1357436746503], [-2.18306354682053, 51.1357432379459]]]}, "properties": {"ListEntry": 1010463, "Name": "Long barrow on Pertwood Down, 1400m north-west of Lower Pertwood", "NGR": "ST 87268 37437", "hyperlink": "https://historicengland.org.uk/listing/the-list/list-entry/1010463", "azimuth_deg": 125.1, "length_m": 101.4, "width_m": 68.1}}, {"type": "Feature", "geometry": {"type": "Polygon", "coordinates": [[[-2.09994823087914, 51.1621005495916], [-2.10072047294272, 51.1620998837073], [-2.10072674793415, 51.162373695598], [-2.09995376726259, 51.162372186084], [-2.09994823087914, 51.1621005495916]]]}, "properties": {"ListEntry": 1010518, "Name": "Corton long barrow", "NGR": "ST 93080 40337", "hyperlink": "https://historicengland.org.uk/listing/the-list/list-entry/1010518", "azimuth_deg": 90.5, "length_m": 54.7, "width_m": 30.7}}, {"type": "Feature", "geometry": {"type": "Polygon", "coordinates": [[[-2.07082123279464, 51.1451227660362], [-2.07085923328183, 51.1448541034583], [-2.07165903913864, 51.1449466301059], [-2.07158038099909, 51.1452118018956], [-2.07115858398437, 51.1451623241924], [-2.07082123279464, 51.1451227660362]]]}, "properties": {"ListEntry": 1010520, "Name": "Long barrow 250m east of Boyton Field Barn", "NGR": "ST 95113 38422", "hyperlink": "https://historicengland.org.uk/listing/the-list/list-entry/1010520", "azimuth_deg": 100.9, "length_m": 57.1, "width_m": 30.3}}, {"type": "Feature", "geometry": {"type": "Polygon", "coordinates": [[[-1.85013970618945, 51.4083577552694], [-1.85186879220827, 51.4083027693018], [-1.85196484772404, 51.4087482585015], [-1.85025523732625, 51.408892342331], [-1.85013970618945, 51.4083577552694]]]}, "properties": {"ListEntry": 1010628, "Name": "West Kennet long barrow, 800m south-east of Silbury Hill", "NGR": "SU 10456 67739", "hyperlink": "https://historicengland.org.uk/listing/the-list/list-entry/1010628", "azimuth_deg": 85.2, "length_m": 123.0, "width_m": 59.9}}, {"type": "Feature", "geometry": {"type": "Polygon", "coordinates": [[[-1.85258616254091, 51.1695344895659], [-1.85259312832741, 51.169534444343], [-1.85260010815196, 51.1695344800565], [-1.85260707342396, 51.1695345967047], [-1.85261403846741, 51.1695347852842], [-1.85262100325379, 51.169535054782], [-1.85262795348771, 51.1695354052147], [-1.85263490346475, 51.1695358365313], [-1.85264182459403, 51.1695363487992], [-1.85264873119975, 51.1695369329461], [-1.85265562319876, 51.1695375979934], [-1.85266250064549, 51.1695383439755], [-1.85266934924488, 51.1695391708402], [-1.85267618332072, 51.1695400696182], [-1.8526829741993, 51.1695410492951], [-1.85268975058042, 51.1695421098725], [-1.85269648379302, 51.1695432423275], [-1.85270318810385, 51.1695444556649], [-1.85270984930062, 51.1695457409142], [-1.8527164816504, 51.1695471070117], [-1.85272307083161, 51.1695485450211], [-1.85272961689901, 51.169550054908], [-1.85273611982397, 51.1695516456939], [-1.85274257958068, 51.169553308323], [-1.85274898187371, 51.169555042846], [-1.85275532675773, 51.1695568492287], [-1.85276162852818, 51.1695587274546], [-1.85276787283488, 51.1695606776088], [-1.85277405967816, 51.1695626995883], [-1.85278018911259, 51.1695647934275], [-1.85278626108342, 51.1695669591607], [-1.85279226137877, 51.1695691877142], [-1.85279820421055, 51.1695714881617], [-1.85280407531222, 51.1695738514638], [-1.85280987465519, 51.1695762866077], [-1.85281560232258, 51.1695787846063], [-1.85282125823139, 51.1695813544466], [-1.85282684243858, 51.1695839781545], [-1.85283235494173, 51.1695866737043], [-1.85283778144802, 51.1695894231036], [-1.85284312187452, 51.1695922353054], [-1.85284839065134, 51.1695951194178], [-1.85285357340547, 51.169598048324], [-1.85285867013418, 51.1696010401013], [-1.85286368089206, 51.1696040947155], [-1.85286859130331, 51.1696072031615], [-1.85287341577238, 51.1696103654228], [-1.852878154216, 51.1696135905554], [-1.85288280669144, 51.1696168605162], [-1.85288734457939, 51.1696201842909], [-1.85289179641601, 51.1696235619153], [-1.85289614804351, 51.1696269843844], [-1.85290039937899, 51.1696304606511], [-1.8529045504507, 51.1696339817968], [-1.85290860125885, 51.169637547753], [-1.85291255177484, 51.169641167541], [-1.85291638773194, 51.1696448321216], [-1.85292012339927, 51.1696485325596], [-1.85292375885748, 51.1696522778426], [-1.85292726548981, 51.1696560589473], [-1.85293068607078, 51.1696598938675], [-1.85293397785437, 51.1696637556224], [-1.85293715516202, 51.1696676531828], [-1.85294023217979, 51.1696715866007], [-1.85294319463846, 51.1696755648456], [-1.8529460282737, 51.1696795609037], [-1.8529487616997, 51.1696836017724], [-1.85295136627355, 51.16968766951], [-1.85295385634537, 51.1696917640317], [-1.85295623191491, 51.169695885406], [-1.85295849298228, 51.1697000335987], [-1.85296062525203, 51.1697042086261], [-1.85296262866964, 51.1697084104539], [-1.85296451761335, 51.1697126301472], [-1.85296629208332, 51.1697168676717], [-1.85296793775558, 51.1697211319967], [-1.85296945468716, 51.1697254051479], [-1.85297085706165, 51.1697297051517], [-1.85297214499076, 51.1697340139995], [-1.8529732898551, 51.1697383406771], [-1.85297430592417, 51.1697426761465], [-1.85297520754759, 51.1697470204943], [-1.85297598040173, 51.1697513826211], [-1.85297663883866, 51.1697557446391], [-1.85297715418468, 51.1697601154654], [-1.85297755508507, 51.1697644951357], [-1.85297782727288, 51.1697688746451], [-1.85297795642416, 51.1697732629971], [-1.85297798542756, 51.1697776422023], [-1.85297787139442, 51.1697820302159], [-1.85297762867709, 51.1697864090813], [-1.85297727145921, 51.1697907968249], [-1.85297677129041, 51.1697951663468], [-1.85296442250668, 51.1698509111789], [-1.85296272355016, 51.1698544339926], [-1.85296095311903, 51.1698579387083], [-1.85295911123929, 51.1698614343473], [-1.85295719785639, 51.1698649209097], [-1.85295521302734, 51.1698683803867], [-1.85295315669497, 51.1698718308214], [-1.85295102894253, 51.169875263158], [-1.85294882971544, 51.1698786773964], [-1.85294657328033, 51.1698820826103], [-1.85294424545364, 51.169885460739], [-1.85294184615212, 51.1698888208038], [-1.85293937540443, 51.1698921537833], [-1.85293683320785, 51.1698954777204], [-1.85293423380589, 51.16989877459], [-1.85293156303831, 51.1699020533616], [-1.85292883503668, 51.1699053140871], [-1.85292603564327, 51.1699085477616], [-1.852923164775, 51.1699117633722], [-1.852920222515, 51.1699149518975], [-1.85291723739937, 51.1699181134076], [-1.85291418080896, 51.1699212568193], [-1.85291105282672, 51.1699243731801], [-1.85290786769353, 51.1699274624734], [-1.85290461111383, 51.1699305247499], [-1.85290131170475, 51.1699335689297], [-1.85289794087764, 51.1699365771055], [-1.85289449865884, 51.1699395581617], [-1.85289101355577, 51.169942521224], [-1.85288745703486, 51.1699454482137], [-1.85288384341757, 51.169948348136], [-1.85288017264917, 51.169951221025], [-1.85287644472974, 51.1699540668808], [-1.8528726597709, 51.1699568676947], [-1.85286883198245, 51.1699596504805], [-1.85286493274757, 51.1699624061809], [-1.85286097639014, 51.1699651258608], [-1.85285696296481, 51.169967809486], [-1.85285290668391, 51.1699704660616], [-1.852848793335, 51.1699730866167], [-1.85284462286353, 51.1699756711514], [-1.85284039524102, 51.1699782286185], [-1.85283612484603, 51.1699807500488], [-1.85283181167845, 51.1699832354766], [-1.852827427093, 51.1699856848317], [-1.85282301403033, 51.1699880982022], [-1.85281854381667, 51.169990484505], [-1.85281401650901, 51.1699928258002], [-1.85280946069571, 51.1699951400636], [-1.85280484784293, 51.1699974093194], [-1.85280019216314, 51.1699996425383], [-1.85279549371086, 51.1700018397203], [-1.85279073816467, 51.1700039918603], [-1.8527859541128, 51.1700061170028], [-1.85278111296692, 51.1700081971376], [-1.85277624334401, 51.1700102412535], [-1.85277133094865, 51.1700122493324], [-1.85276637575473, 51.1700142124216], [-1.85276137778847, 51.1700161394395], [-1.85275635131896, 51.1700180215198], [-1.85275128207715, 51.1700198675289], [-1.85274617009139, 51.1700216685482], [-1.8527410152785, 51.1700234335649], [-1.85273584631276, 51.170025153559], [-1.85273062030763, 51.1700268285454], [-1.85272538006629, 51.1700284675648], [-1.85272009708125, 51.1700300615259], [-1.85271478556462, 51.1700316195023], [-1.85270944565407, 51.1700331325067], [-1.85270407726921, 51.1700345914835], [-1.85269866605741, 51.1700360144575], [-1.85269324071868, 51.1700374014304], [-1.85268777261011, 51.1700387344264], [-1.85268229032009, 51.1700400314211], [-1.85267677955572, 51.1700412744224], [-1.85267124031457, 51.1700424814047], [-1.85266568692045, 51.1700436434329], [-1.85266010507804, 51.1700447604548], [-1.85265449478744, 51.1700458324706], [-1.85264887028934, 51.1700468595323], [-1.852643231693, 51.1700478416057], [-1.85263755024393, 51.1700487786548], [-1.85263186902065, 51.1700496617463], [-1.85262617361598, 51.1700505088711], [-1.85262044970857, 51.1700513109895], [-1.85261471173159, 51.1700520591324], [-1.85260897381421, 51.1700527712921], [-1.85260320747717, 51.1700534294926], [-1.85259742698751, 51.1700540427048], [-1.85259163229063, 51.1700546109286], [-1.85258583779112, 51.170055134182], [-1.85258002913887, 51.1700556124813], [-1.85257420630803, 51.1700560368051], [-1.85256838362006, 51.1700564161584], [-1.85256254680545, 51.170056759545], [-1.85255671013628, 51.1700570399867], [-1.85255085928601, 51.1700572844272], [-1.85254500857867, 51.1700574838973], [-1.85253915804281, 51.1700576294097], [-1.85253330764985, 51.1700577299861], [-1.85245077092744, 51.1700462693421], [-1.85234769271389, 51.1700039667873], [-1.85223186181492, 51.1699194749433], [-1.85214958912281, 51.1698252957236], [-1.85214208899888, 51.1697506605025], [-1.85216210908551, 51.1697027035877], [-1.85226115924643, 51.1696307830544], [-1.8523748589643, 51.1695757680975], [-1.85253753786865, 51.169537045299], [-1.85254444824712, 51.1695364424942], [-1.85255137260878, 51.1695359206256], [-1.85255831109138, 51.1695354707406], [-1.85256526358325, 51.1695351107791], [-1.85257221584639, 51.1695348227489], [-1.85257918211882, 51.1695346246763], [-1.85258616254091, 51.1695344895659]]]}, "properties": {"ListEntry": 1010830, "Name": "Long barrow on Wilsford Down 300m north of The Diamond", "NGR": "SU 10404 41184", "hyperlink": "https://historicengland.org.uk/listing/the-list/list-entry/1010830", "azimuth_deg": 2.6, "length_m": 58.4, "width_m": 58.5}}, {"type": "Feature", "geometry": {"type": "Polygon", "coordinates": [[[-2.17743861355258, 51.4714151761457], [-2.17746364352034, 51.4711387822448], [-2.17845531208085, 51.4711580682296], [-2.17844215650254, 51.4714726493723], [-2.17743861355258, 51.4714151761457]]]}, "properties": {"ListEntry": 1010908, "Name": "Lanhill Barrow: a long barrow 300m south of Sparrow Farm", "NGR": "ST 87736 74719", "hyperlink": "https://historicengland.org.uk/listing/the-list/list-entry/1010908", "azimuth_deg": 94.0, "length_m": 70.3, "width_m": 35.0}}, {"type": "Feature", "geometry": {"type": "Polygon", "coordinates": [[[-1.85680125154043, 51.168284243105], [-1.85686756509686, 51.1682777236079], [-1.8569338379696, 51.1682844045125], [-1.85699359296997, 51.1683036304848], [-1.85704095750673, 51.168333533014], [-1.85707132082883, 51.1683711660818], [-1.85708169058958, 51.1684128572607], [-1.85707106391388, 51.1684545319377], [-1.85704046876258, 51.1684920908936], [-1.85699292001322, 51.168521877998], [-1.85693304656602, 51.1685409584006], [-1.85686673256005, 51.1685474869213], [-1.85680045940361, 51.1685407969915], [-1.8567407041781, 51.1685215709554], [-1.85669333964341, 51.1684916683056], [-1.85666297654948, 51.1684540351407], [-1.85665260712931, 51.1684123349037], [-1.85666323419778, 51.1683706692863], [-1.856693829574, 51.1683331104285], [-1.8567413783214, 51.1683033234447], [-1.85680125154043, 51.168284243105]]]}, "properties": {"ListEntry": 1011046, "Name": "Bowl barrow 400m south east of Longbarrow Cross Roads, east of A360", "NGR": "SU 10103 41029", "hyperlink": "https://historicengland.org.uk/listing/the-list/list-entry/1011046", "azimuth_deg": 63.1, "length_m": 29.6, "width_m": 29.6}}, {"type": "Feature", "geometry": {"type": "Polygon", "coordinates": [[[-1.85861904849487, 51.1722590181038], [-1.85862711625045, 51.1722589378633], [-1.85863516921665, 51.1722590015027], [-1.85864322171693, 51.1722592179919], [-1.85865125948256, 51.1722595783609], [-1.85865926813564, 51.1722600915454], [-1.85866726210877, 51.1722607486098], [-1.85867522699702, 51.1722615494681], [-1.85868313426256, 51.1722624941547], [-1.85869101244327, 51.1722635826696], [-1.85869883300135, 51.1722648150129], [-1.85870658158643, 51.1722661911329], [-1.85871427252199, 51.1722677020597], [-1.85872189153919, 51.1722693567634], [-1.85872942428729, 51.172271155261], [-1.85873687079385, 51.1722730885311], [-1.85874423108629, 51.1722751475866], [-1.85875149081378, 51.1722773503845], [-1.85875865003111, 51.1722796789507], [-1.85876569441489, 51.172282142255], [-1.85877262401987, 51.1722847223233], [-1.8587794244951, 51.172287437147], [-1.85878609581364, 51.1722902776703], [-1.85879263805736, 51.1722932349403], [-1.85879905122627, 51.1722963089572], [-1.85880530667359, 51.1722994996866], [-1.85881141872284, 51.1723027981583], [-1.85881737310509, 51.1723062133427], [-1.85882316984777, 51.1723097362181], [-1.85882879462755, 51.1723133578146], [-1.85883426171312, 51.1723170871365], [-1.85883954256703, 51.1723209061409], [-1.85884465151264, 51.1723248238321], [-1.85884957414455, 51.1723288402273], [-1.85885431062658, 51.1723329373521], [-1.85885886087696, 51.1723371241596], [-1.85886321065414, 51.1723413826581], [-1.85886735993076, 51.1723457218349], [-1.85887130870673, 51.1723501417243], [-1.85887504265869, 51.1723546332876], [-1.85887857624661, 51.1723591785678], [-1.85888190936118, 51.1723637955393], [-1.8588850134103, 51.1723684661588], [-1.85888790277162, 51.1723731994997], [-1.85889057739075, 51.1723779775531], [-1.8588930229716, 51.1723828002676], [-1.85889525389194, 51.1723876766819], [-1.85889725582855, 51.1723925797829], [-1.8588990288085, 51.1723975185923], [-1.8589005728317, 51.17240249311], [-1.85890188787097, 51.1724074943145], [-1.85890297400817, 51.1724125132187], [-1.85890381694694, 51.1724175498398], [-1.8589044309289, 51.1724226041605], [-1.85890481603588, 51.1724276671938], [-1.8589049722952, 51.1724327299525], [-1.858904885356, 51.1724377924193], [-1.85890456956892, 51.1724428546116], [-1.85890401066514, 51.1724479075249], [-1.85890322288612, 51.1724529511763], [-1.85890220631383, 51.1724579765446], [-1.85890096097542, 51.1724629746767], [-1.85889948678891, 51.1724679545598], [-1.85889776954001, 51.1724729071896], [-1.85889583782101, 51.1724778325661], [-1.85889367733585, 51.1724827126978], [-1.85889128813906, 51.1724875475846], [-1.85888867023045, 51.1724923372609], [-1.85888585220238, 51.1724970817267], [-1.85888279113908, 51.1725017719433], [-1.85887952998364, 51.1725064079622], [-1.85887605449433, 51.1725109718261], [-1.85887237896743, 51.1725154814581], [-1.85886848905217, 51.1725199189007], [-1.85886438474848, 51.172524284154], [-1.8587836034039, 51.1726061414951], [-1.85844244396284, 51.1729454722263], [-1.85843663912052, 51.1729492689148], [-1.85843066296885, 51.1729529664691], [-1.85842452980396, 51.1729565649405], [-1.85841823954432, 51.1729600553074], [-1.85841182094628, 51.1729634376045], [-1.85840523101162, 51.1729667118143], [-1.85839851268444, 51.1729698599454], [-1.85839166596426, 51.1729729000408], [-1.85838467660974, 51.1729758140746], [-1.85837755883525, 51.1729786110512], [-1.8583703413701, 51.1729812820179], [-1.85836299551242, 51.1729838269401], [-1.85835554990961, 51.1729862458523], [-1.85834799026531, 51.1729885387373], [-1.85834034519983, 51.172990696608], [-1.85833260041664, 51.1729927195159], [-1.8583247702395, 51.1729946163966], [-1.85831686891034, 51.1729963693617], [-1.85830888221478, 51.1729979873124], [-1.858300838691, 51.1729994702832], [-1.85829272406997, 51.1730008093384], [-1.85828456697163, 51.1730020134652], [-1.85827633877644, 51.1730030736077], [-1.85826809672431, 51.1730039898349], [-1.85825979792615, 51.1730047621636], [-1.85825147089286, 51.1730053995468], [-1.85824311573394, 51.1730058840446], [-1.85823474671831, 51.1730062246612], [-1.85822637806047, 51.1730064303669], [-1.85821798133178, 51.1730064831871], [-1.85820959928475, 51.1730063921607], [-1.85820123202871, 51.1730061572534], [-1.85819286521258, 51.1730057785166], [-1.85818451313311, 51.1730052558646], [-1.85817620438277, 51.1730045894348], [-1.85816791042369, 51.1730037791242], [-1.85815965976651, 51.1730028339887], [-1.85815146676257, 51.1730017360712], [-1.85814331711534, 51.1730005032945], [-1.85813521079769, 51.1729991267058], [-1.85812719078034, 51.1729976153441], [-1.85811921403813, 51.1729959601703], [-1.85811133789282, 51.1729941702064], [-1.85810351934608, 51.1729922454693], [-1.85809580134174, 51.1729901859421], [-1.85808818390688, 51.1729880006464], [-1.85808065266353, 51.1729856805777], [-1.85807322196262, 51.1729832257533], [-1.85806590604559, 51.1729806541648], [-1.85805870502215, 51.1729779478036], [-1.85805163302426, 51.17297512473], [-1.85804467589238, 51.1729721759051], [-1.85803784784084, 51.1729691103336], [-1.85803116322041, 51.1729659280669], [-1.85802462194927, 51.1729626380237], [-1.85801822405473, 51.1729592312853], [-1.85801196956406, 51.1729557167705], [-1.85800588706962, 51.1729520946167], [-1.85799994792448, 51.1729483646864], [-1.85799418074816, 51.1729445360701], [-1.85798858551323, 51.1729406177204], [-1.85798316222002, 51.1729365916976], [-1.85797791084071, 51.1729324849287], [-1.85797284572643, 51.1729282794911], [-1.85796796676772, 51.1729239933248], [-1.85796327407355, 51.1729196264642], [-1.85795878188567, 51.1729151789265], [-1.85795447585313, 51.1729106506945], [-1.85795037032644, 51.1729060597256], [-1.85794646525122, 51.1729013881139], [-1.85794277497804, 51.1728966537825], [-1.85793928512833, 51.1728918657357], [-1.85793601002578, 51.1728870150379], [-1.85793293529214, 51.1728821105903], [-1.85793008968343, 51.1728771524962], [-1.85792744444345, 51.1728721406867], [-1.85792504251505, 51.1728670931881], [-1.85792284090013, 51.1728620099483], [-1.8579208683278, 51.1728568820492], [-1.85791912474294, 51.1728517274653], [-1.85791761003642, 51.1728465461619], [-1.8579163100209, 51.1728413381564], [-1.85791525323446, 51.1728361034489], [-1.85791441102922, 51.1728308600134], [-1.85791379775598, 51.1728256078674], [-1.857913427684, 51.1728203380066], [-1.85791327216542, 51.1728150684393], [-1.85791335984731, 51.172809799166], [-1.85791366208262, 51.1728045301175], [-1.85791420743606, 51.1727992703844], [-1.85791498166598, 51.172794019915], [-1.85791598469016, 51.1727887876965], [-1.85791720221218, 51.1727835737458], [-1.85791866287922, 51.1727783780291], [-1.85792033796187, 51.1727732095672], [-1.85792224183789, 51.1727680773649], [-1.85792437450719, 51.1727629814222], [-1.85792672156439, 51.1727579216872], [-1.85792928311864, 51.1727528981601], [-1.85843699947236, 51.1723064484092], [-1.85844293180088, 51.1723030295419], [-1.85844903540719, 51.1722997187954], [-1.85845529604978, 51.1722965161184], [-1.85846168502688, 51.1722934395192], [-1.85846821674418, 51.1722904709721], [-1.8584748910921, 51.17228762852], [-1.85848167947865, 51.1722849120598], [-1.85848859628186, 51.1722823126561], [-1.85849564139224, 51.1722798483172], [-1.85850278627265, 51.1722775009657], [-1.8585100451368, 51.1722752976492], [-1.85851738939297, 51.1722732202899], [-1.8585248334188, 51.1722712779612], [-1.85853236283639, 51.1722694795985], [-1.85853997767321, 51.1722678162147], [-1.85854766357853, 51.1722662878268], [-1.85855542057973, 51.1722649033533], [-1.85856322008452, 51.1722636628286], [-1.85857109065808, 51.1722625572653], [-1.85857900365338, 51.1722616046379], [-1.85858695915253, 51.1722607959249], [-1.8585949571556, 51.1722601311261], [-1.8586029690158, 51.1722596102416], [-1.8586110090021, 51.1722592422071], [-1.85861904849487, 51.1722590181038]]]}, "properties": {"ListEntry": 1011841, "Name": "Long barrow north east of Winterbourne Stoke crossroads", "NGR": "SU 09995 41500", "hyperlink": "https://historicengland.org.uk/listing/the-list/list-entry/1011841", "azimuth_deg": 34.1, "length_m": 91.9, "width_m": 41.7}}, {"type": "Feature", "geometry": {"type": "Polygon", "coordinates": [[[-2.05018211855345, 51.1379437716566], [-2.0504364327243, 51.1376748781241], [-2.05075860705811, 51.1377955746199], [-2.05050429388416, 51.1380643249834], [-2.05018211855345, 51.1379437716566]]]}, "properties": {"ListEntry": 1012047, "Name": "Long barrow in Barrow Clump, Stockton Down", "NGR": "ST 96565 37624", "hyperlink": "https://historicengland.org.uk/listing/the-list/list-entry/1012047", "azimuth_deg": 30.8, "length_m": 34.8, "width_m": 26.2}}, {"type": "Feature", "geometry": {"type": "Polygon", "coordinates": [[[-1.82245532470589, 51.1985047785359], [-1.82283341096581, 51.1982913021665], [-1.82341375144268, 51.1986378140919], [-1.8230273561075, 51.1988458395926], [-1.82245532470589, 51.1985047785359]]]}, "properties": {"ListEntry": 1012167, "Name": "Long barrow in Larkhill Camp", "NGR": "SU 12468 44388", "hyperlink": "https://historicengland.org.uk/listing/the-list/list-entry/1012167", "azimuth_deg": 129.8, "length_m": 60.8, "width_m": 38.5}}, {"type": "Feature", "geometry": {"type": "Polygon", "coordinates": [[[-1.83337328714862, 51.4002121494734], [-1.83410206272282, 51.3999231965881], [-1.83501129679025, 51.4007868445904], [-1.83428297267921, 51.4010756596617], [-1.83337328714862, 51.4002121494734]]]}, "properties": {"ListEntry": 1012323, "Name": "East Kennett long barrow, 600m south of East Kennett church", "NGR": "SU 11630 66843", "hyperlink": "https://historicengland.org.uk/listing/the-list/list-entry/1012323", "azimuth_deg": 146.1, "length_m": 116.4, "width_m": 60.7}}, {"type": "Feature", "geometry": {"type": "Polygon", "coordinates": [[[-1.77597918886592, 51.3892266930146], [-1.77599760003028, 51.3892264493414], [-1.77601646837322, 51.389226763994], [-1.77603531887542, 51.3892277889811], [-1.7760541673537, 51.3892292275958], [-1.77607258127462, 51.3892313666965], [-1.77609097800618, 51.3892340722752], [-1.77610937272651, 51.3892372004684], [-1.77612687292841, 51.3892410283071], [-1.77614481660988, 51.3892452795738], [-1.77616186653259, 51.3892500866641], [-1.77617845383418, 51.3892554593168], [-1.77619503835729, 51.3892613894885], [-1.7762107298377, 51.389267740546], [-1.77622641920024, 51.3892745142187], [-1.77624120045309, 51.3892818526413], [-1.77625508859771, 51.389289602998], [-1.77626896037143, 51.3892977759088], [-1.77628195335675, 51.3893063697681], [-1.77629402523193, 51.3893152496247], [-1.77630566390739, 51.3893245422908], [-1.77631639512184, 51.3893342558173], [-1.77632667943247, 51.3893442472221], [-1.77633561145, 51.3893545238397], [-1.77634408225434, 51.3893650783088], [-1.77635414213062, 51.3896061848158], [-1.77634556971278, 51.3896134788645], [-1.77633699728179, 51.3896207638571], [-1.77632798067366, 51.3896277782968], [-1.77631355964375, 51.3896378666263], [-1.77629824963281, 51.3896475306427], [-1.77628742638056, 51.3896536874153], [-1.77627661814874, 51.3896597093444], [-1.77626536648753, 51.389665307808], [-1.77625366993494, 51.3896707705535], [-1.77623611317284, 51.3896784611099], [-1.77622351397888, 51.3896833556224], [-1.77621091684949, 51.3896878275506], [-1.77619201603651, 51.3896941128436], [-1.77617222690378, 51.3896998389171], [-1.77615874426604, 51.3897031761968], [-1.77613851513151, 51.389707777456], [-1.7761245759648, 51.3897104214998], [-1.77611063821562, 51.3897127867813], [-1.77608952558815, 51.3897158307713], [-1.77607514571944, 51.3897174938911], [-1.77606076796256, 51.3897187253708], [-1.77604637716167, 51.3897196870817], [-1.77603200213256, 51.3897203610707], [-1.77601762846762, 51.3897207563314], [-1.77600325616729, 51.3897208728295], [-1.77598888598021, 51.3897205577218], [-1.77597407095968, 51.3897201068942], [-1.77595970345882, 51.3897192433167], [-1.77594533807218, 51.3897179481332], [-1.77592423718324, 51.3897156600073], [-1.77590315485494, 51.3897125266702], [-1.77588923976678, 51.3897102522236], [-1.77586859407931, 51.3897059957743], [-1.77585469751012, 51.3897028851029], [-1.77583496203717, 51.3896976502676], [-1.77582196064553, 51.3896936871024], [-1.77580894560803, 51.3896895890385], [-1.7757963917962, 51.3896852130885], [-1.77577801688689, 51.3896780116213], [-1.77576591211065, 51.3896729261863], [-1.77575426851626, 51.3896675718867], [-1.77574261201519, 51.3896619208242], [-1.77572648665509, 51.3896531860296], [-1.77571172119104, 51.3896426195499], [-1.77570277479555, 51.3896352921505], [-1.77569382972498, 51.3896276950449], [-1.77568577574233, 51.3896200906505], [-1.77567773749263, 51.389612207522], [-1.77567059099172, 51.3896041822009], [-1.77566344585987, 51.3895958781528], [-1.77565720613436, 51.3895875758648], [-1.77565095270884, 51.3895791386449], [-1.77564560610024, 51.3895704154034], [-1.77564025944935, 51.3895617011827], [-1.77563580458979, 51.3895528357832], [-1.77563180959865, 51.3895439802472], [-1.77562826080677, 51.389534981704], [-1.77562515821387, 51.3895258401535], [-1.77562296103564, 51.3895167093165], [-1.77562076455312, 51.3895074256016], [-1.77561945841533, 51.3894982964636], [-1.77561861288322, 51.3894890153249], [-1.77561821279901, 51.3894797440569], [-1.77561825826146, 51.3894704736385], [-1.77561874927049, 51.3894612040356], [-1.77562013130649, 51.389451927145], [-1.77562152771613, 51.3894426593031], [-1.7756238287661, 51.3894335370442], [-1.77562656104178, 51.3894244066209], [-1.77562975322619, 51.3894152770403], [-1.77563339019488, 51.3894062922001], [-1.77563791749353, 51.38939745295], [-1.77564245919833, 51.3893886047059], [-1.77564789118855, 51.3893799110043], [-1.77565332251532, 51.3893713522067], [-1.77565964421513, 51.3893629299777], [-1.7756664250616, 51.3893546524819], [-1.77567365074561, 51.3893465197262], [-1.77568132131144, 51.3893385226552], [-1.77568900547806, 51.3893306695019], [-1.77569756495825, 51.3893231057672], [-1.77570658362842, 51.3893156777785], [-1.77571604712492, 51.3893083855083], [-1.7757255236266, 51.3893013809782], [-1.77573587537576, 51.3892946568791], [-1.77574624087939, 51.3892880676766], [-1.7757570504598, 51.3892817670698], [-1.77576831918587, 51.3892756111953], [-1.77578001706308, 51.3892698697721], [-1.77579171423255, 51.3892642722045], [-1.77580386994163, 51.3892589542386], [-1.77581646972762, 51.3892539249023], [-1.77583312363787, 51.3892486155049], [-1.77585065078956, 51.3892440181406], [-1.77586819022052, 51.3892398343973], [-1.77588617246181, 51.3892362090218], [-1.77590459742626, 51.3892331599189], [-1.77592303401059, 51.3892306593751], [-1.77594145346628, 51.3892287342278], [-1.77596031572382, 51.3892273584609], [-1.77597918886592, 51.3892266930146]]]}, "properties": {"ListEntry": 1012429, "Name": "Long barrow in Barrow Copse", "NGR": "SU 15683 65628", "hyperlink": "https://historicengland.org.uk/listing/the-list/list-entry/1012429", "azimuth_deg": 174.4, "length_m": 55.1, "width_m": 51.6}}, {"type": "Feature", "geometry": {"type": "Polygon", "coordinates": [[[-1.9053611169609, 51.3819798347129], [-1.90541456773903, 51.3819742576948], [-1.90544103432064, 51.3819820119508], [-1.90545629867118, 51.3819869427606], [-1.90547110261259, 51.3819921519314], [-1.90548546056116, 51.3819976395094], [-1.90549937279519, 51.3820032705879], [-1.90551328410627, 51.3820093242902], [-1.90552673506356, 51.3820156563541], [-1.90554018544995, 51.3820222671483], [-1.90555320448344, 51.3820290214892], [-1.90556576308992, 51.3820360632133], [-1.90557787566791, 51.3820433743241], [-1.90558952787374, 51.3820509728184], [-1.90560073408736, 51.3820588496866], [-1.90561195433353, 51.3820668614377], [-1.90562225470211, 51.3820750252977], [-1.90563256882528, 51.3820834589474], [-1.90564243723386, 51.382092036099], [-1.90565138543161, 51.3821009002667], [-1.90566034771647, 51.3821098993177], [-1.90566886400856, 51.3821191767776], [-1.90567648934954, 51.3821284534896], [-1.90568410009085, 51.3821378740833], [-1.9056908049452, 51.382147572684], [-1.90569752421858, 51.3821572712958], [-1.90568384992003, 51.3821826084588], [-1.9056628428936, 51.382210070822], [-1.90565743153534, 51.3822211714646], [-1.90565157506577, 51.3822321189041], [-1.9056448135345, 51.3822429396987], [-1.90563805236963, 51.3822536076467], [-1.90563040052219, 51.3822641400085], [-1.90562230384009, 51.3822743842601], [-1.90561374735045, 51.3822846371298], [-1.90560474595235, 51.3822946109103], [-1.90559483930423, 51.382304574978], [-1.90558494786563, 51.3823141254179], [-1.90557415147298, 51.3823235222511], [-1.90556335533532, 51.382332793232], [-1.90555165452114, 51.3823417757335], [-1.90553950851953, 51.3823506140175], [-1.90552737780094, 51.3823590296862], [-1.90551432767396, 51.3823673097096], [-1.90550084705371, 51.3823753106885], [-1.90548736672559, 51.3823831677721], [-1.9054734274783, 51.38239060186], [-1.90545904332174, 51.3823977568571], [-1.90544421425603, 51.3824046327289], [-1.90542892599304, 51.3824112205111], [-1.90541365266266, 51.3824175295367], [-1.90539389476857, 51.3824175136795], [-1.90537413832299, 51.3824167964615], [-1.90535438304828, 51.3824155127212], [-1.90533462892645, 51.3824136715139], [-1.90531532173561, 51.3824111293039], [-1.90529601596042, 51.3824078767121], [-1.90527761664333, 51.3824040763338], [-1.90525875867784, 51.3823997001112], [-1.90524080741419, 51.3823946322774], [-1.90522331681526, 51.3823891421507], [-1.90520581338347, 51.3823829416658], [-1.90518921632127, 51.3823761844084], [-1.90517305125676, 51.3823690048702], [-1.90515780697851, 51.3823612685718], [-1.90514300907832, 51.3823531010518], [-1.90512865774378, 51.3823443853433], [-1.90511565799811, 51.3823352391422], [-1.90510309023205, 51.3823256796483], [-1.90509099756727, 51.3823156889225], [-1.90508024179393, 51.3823054295267], [-1.90507037782259, 51.3822947392351], [-1.90506097420018, 51.3822837795682], [-1.90505290757845, 51.3822725242028], [-1.9050453013596, 51.3822609994967], [-1.90503904640946, 51.3822491971122], [-1.90503368268121, 51.382237242599], [-1.9050292098388, 51.3822252977559], [-1.9050261026239, 51.3822130753151], [-1.90502387230346, 51.3822007096869], [-1.90502254719172, 51.3821883447881], [-1.90502212739757, 51.3821759806188], [-1.90502259844925, 51.3821636171674], [-1.90502443460115, 51.3821512548159], [-1.90503703180007, 51.382132723713], [-1.90504514296758, 51.3821224705265], [-1.90505414445328, 51.3821124967889], [-1.90506359109543, 51.3821026762556], [-1.90507394238023, 51.3820931262298], [-1.90508473883958, 51.3820837204212], [-1.90509597989587, 51.3820747375958], [-1.90510812527758, 51.3820661781235], [-1.90512071583349, 51.3820577628679], [-1.90513375100486, 51.3820497616081], [-1.90514769078068, 51.382042048794], [-1.90516162975047, 51.3820347496169], [-1.90517645868419, 51.3820278737803], [-1.90519173249434, 51.3820212860188], [-1.90520701950809, 51.3820152557648], [-1.90522319682007, 51.3820095139782], [-1.90523937327252, 51.382004185828], [-1.90525599402594, 51.3819994244842], [-1.90527307398214, 51.3819949422737], [-1.90529013842126, 51.3819910175471], [-1.90530766176651, 51.3819875158128], [-1.90532518427205, 51.3819844456884], [-1.90534315104464, 51.3819819333828], [-1.9053611169609, 51.3819798347129]]]}, "properties": {"ListEntry": 1012519, "Name": "Kitchen Barrow: a long barrow on Kitchen Barrow Hill", "NGR": "SU 06682 64799", "hyperlink": "https://historicengland.org.uk/listing/the-list/list-entry/1012519", "azimuth_deg": 18.3, "length_m": 48.4, "width_m": 44.7}}, {"type": "Feature", "geometry": {"type": "Polygon", "coordinates": [[[-1.83980776859761, 51.369137540866], [-1.83993104447918, 51.3691064086443], [-1.8405297288426, 51.3694951013114], [-1.84054362681484, 51.3695014504152], [-1.84055482266628, 51.3695082004263], [-1.84056421945201, 51.3695159461141], [-1.84057181762434, 51.3695245255794], [-1.84057763308573, 51.3695335252446], [-1.84058119414841, 51.3695422431191], [-1.84058295615026, 51.3695519386294], [-1.84058292249335, 51.3695616317014], [-1.84058018816779, 51.3695713211402], [-1.84052578225634, 51.3695973773076], [-1.84032210182667, 51.3696906777843], [-1.84017418799155, 51.3697548215747], [-1.83949916822086, 51.3695052423186], [-1.83943340981921, 51.3694829697154], [-1.83948097556849, 51.3693919571368], [-1.83948504656086, 51.3693821257278], [-1.8394900226111, 51.3693722955219], [-1.83949498374407, 51.3693626091875], [-1.83949995928707, 51.3693529228726], [-1.83950582491712, 51.3693433816321], [-1.83951214978128, 51.3693339758902], [-1.83951891952212, 51.369324705627], [-1.83952567481656, 51.3693154443648], [-1.83953288931324, 51.3693063275878], [-1.83954056304338, 51.369297346309], [-1.83954866723739, 51.369288500489], [-1.83955723104954, 51.3692796642834], [-1.83956623923443, 51.3692711074477], [-1.83957524694475, 51.3692626854816], [-1.83958469949909, 51.3692544079805], [-1.83959461119967, 51.3692462749981], [-1.83960495336341, 51.3692382774398], [-1.83961530893034, 51.369230567683], [-1.83962655461254, 51.3692229939782], [-1.83963735449371, 51.3692155635554], [-1.83964905887043, 51.3692082782248], [-1.8396607479442, 51.3692012626143], [-1.83967289618716, 51.3691944005086], [-1.83968548925013, 51.3691876738801], [-1.83969808133615, 51.3691812260121], [-1.83971067241417, 51.3691750658571], [-1.83972416852094, 51.3691688979495], [-1.83973720344269, 51.3691631519975], [-1.83975114291428, 51.3691575511708], [-1.8397650669662, 51.3691522380715], [-1.83977900495631, 51.3691470598606], [-1.83979338729616, 51.3691421519965], [-1.83980776859761, 51.369137540866]]]}, "properties": {"ListEntry": 1013032, "Name": "Adam's Grave: a long barrow on Walker's Hill", "NGR": "SU 11233 63386", "hyperlink": "https://historicengland.org.uk/listing/the-list/list-entry/1013032", "azimuth_deg": 116.7, "length_m": 78.4, "width_m": 56.7}}, {"type": "Feature", "geometry": {"type": "Polygon", "coordinates": [[[-1.89079335587342, 51.3911815373828], [-1.89104725258284, 51.3910913435518], [-1.89145055151444, 51.3914423683245], [-1.89109045737856, 51.3915324644578], [-1.8909904211264, 51.391419794959], [-1.89079335587342, 51.3911815373828]]]}, "properties": {"ListEntry": 1013141, "Name": "Long barrow on Horton Down", "NGR": "SU 07672 65817", "hyperlink": "https://historicengland.org.uk/listing/the-list/list-entry/1013141", "azimuth_deg": 147.6, "length_m": 49.0, "width_m": 26.5}}, {"type": "Feature", "geometry": {"type": "Polygon", "coordinates": [[[-1.90593993167364, 51.4082458431269], [-1.90594703425952, 51.4082457858794], [-1.90595413669792, 51.4082458005598], [-1.90596125339487, 51.4082458961663], [-1.90596834111353, 51.4082460816855], [-1.90597544305439, 51.4082463391441], [-1.90598251601705, 51.4082466865153], [-1.90598958885047, 51.4082471237536], [-1.90599664716696, 51.4082476329769], [-1.9060036765055, 51.4082482320443], [-1.90601070575164, 51.4082489030738], [-1.90601770601981, 51.4082496639818], [-1.90602467740177, 51.4082504967946], [-1.90603161980575, 51.40825141952], [-1.90603854772958, 51.4082524231486], [-1.9060454323245, 51.4082535076574], [-1.90605230238437, 51.4082546731036], [-1.90605911476426, 51.4082559103973], [-1.90606589823966, 51.408257228617], [-1.90607263838611, 51.4082586277511], [-1.90607933525876, 51.4082601077311], [-1.90608598885738, 51.4082616686256], [-1.90609259914569, 51.4082633014135], [-1.9060991517905, 51.4082650151043], [-1.90610566112512, 51.4082668006543], [-1.90611211283467, 51.4082686581206], [-1.90611850684604, 51.4082705964555], [-1.9061248432325, 51.4082726066723], [-1.90613110751479, 51.4082746887596], [-1.90613732859656, 51.4082768427748], [-1.90614346318629, 51.4082790776013], [-1.90614954016951, 51.4082813753573], [-1.90615555947306, 51.4082837449954], [-1.90616149241266, 51.4082861864925], [-1.90616735330305, 51.4082886998601], [-1.90617314216264, 51.4082912761115], [-1.90617884462186, 51.4082939152351], [-1.90618447503182, 51.4082966262636], [-1.90619001909636, 51.4082994001302], [-1.90619549111165, 51.4083022459016], [-1.90620086237553, 51.4083051455128], [-1.90620614723905, 51.4083081079964], [-1.90621136007171, 51.4083111333981], [-1.90621645776497, 51.4083142216149], [-1.90622148342746, 51.4083173727499], [-1.90622640839331, 51.4083205777248], [-1.90623123255275, 51.4083238365738], [-1.90623595601552, 51.408327149297], [-1.9062405786719, 51.4083305158943], [-1.90624511494637, 51.4083339363431], [-1.90624953613611, 51.4083374196757], [-1.90625385653779, 51.4083409478957], [-1.90625807620636, 51.4083445209689], [-1.90626218080858, 51.4083481479049], [-1.90626618462273, 51.4083518197284], [-1.90627007333408, 51.4083555363936], [-1.90627384694261, 51.4083592979348], [-1.9062775053934, 51.4083631043522], [-1.90628106316574, 51.408366955657], [-1.906284491484, 51.4083708428054], [-1.9062878046445, 51.4083747748299], [-1.9062910027388, 51.4083787337227], [-1.90629408573012, 51.4083827374916], [-1.90629705363684, 51.4083867771498], [-1.9062998920345, 51.4083908526516], [-1.90630261542065, 51.4083949550561], [-1.9063052092977, 51.4083990933041], [-1.90630767368395, 51.4084032584433], [-1.90631003742827, 51.4084074504623], [-1.90631225731216, 51.4084116693267], [-1.90631434775994, 51.4084159150824], [-1.90631632315958, 51.4084201787539], [-1.90631815475359, 51.4084244692366], [-1.90631987122611, 51.4084287866562], [-1.90632145829924, 51.408433112925], [-1.90632291593621, 51.4084374660506], [-1.90632424411872, 51.408441828094], [-1.90632542851373, 51.408446207996], [-1.90632649787867, 51.4084505968273], [-1.90632743777088, 51.4084550034944], [-1.90632823389372, 51.4084594190678], [-1.90632890061688, 51.4084638435247], [-1.90632945232827, 51.4084682678896], [-1.90632986019706, 51.4084727101133], [-1.90633012433306, 51.4084771432355], [-1.90633027338403, 51.4084815852525], [-1.90633027868386, 51.4084860271547], [-1.90633015460206, 51.4084904689537], [-1.90632990113868, 51.4084949106494], [-1.9063295182571, 51.4084993432549], [-1.90632899162424, 51.4085037757457], [-1.90632833555478, 51.4085082081331], [-1.90632756456475, 51.4085126224552], [-1.90632664978676, 51.4085170276758], [-1.90632559122086, 51.4085214237605], [-1.90630285561332, 51.4085659415161], [-1.90628985186195, 51.4085902177293], [-1.90628537157322, 51.4085945481731], [-1.90628084819304, 51.4085988695612], [-1.90627628170322, 51.4086031639545], [-1.90627167214033, 51.4086074403052], [-1.90626700509812, 51.4086116896496], [-1.90626230933404, 51.4086159299841], [-1.90625755612713, 51.408620152299], [-1.90625275981062, 51.4086243475846], [-1.90624792042093, 51.4086285248621], [-1.90624303792157, 51.4086326751446], [-1.90623811227587, 51.4086368163714], [-1.90623314363018, 51.4086409306032], [-1.90622811748675, 51.4086450268154], [-1.90622306260337, 51.4086490960098], [-1.9062179502771, 51.4086531471845], [-1.90621280919245, 51.4086571803625], [-1.90620762508949, 51.4086611954981], [-1.9062023834523, 51.4086651836271], [-1.90619711312999, 51.4086691447383], [-1.90619179973438, 51.4086730878756], [-1.90618644326561, 51.4086770129704], [-1.90618102931746, 51.4086809110245], [-1.90617560099903, 51.4086847821064], [-1.90617010086795, 51.4086886351571], [-1.90616458640306, 51.4086924701883], [-1.90615901445875, 51.4086962782129], [-1.90615341382928, 51.4087000592541], [-1.90614777012658, 51.4087038222527], [-1.90614208331419, 51.4087075582561], [-1.90613635344691, 51.4087112672647], [-1.9061305804516, 51.4087149582305], [-1.9061247787711, 51.4087186222128], [-1.90611893403581, 51.4087222591659], [-1.90611304617235, 51.4087258781105], [-1.90610712956889, 51.4087294700715], [-1.90610116996551, 51.4087330350033], [-1.90609516725237, 51.40873657294], [-1.90608913578091, 51.4087400928454], [-1.90608306132778, 51.4087435767691], [-1.90607695811634, 51.4087470426616], [-1.90607081179512, 51.4087504815933], [-1.90606462240076, 51.408753902448], [-1.90605840433957, 51.4087572873668], [-1.90605214316875, 51.408760645256], [-1.90604585329444, 51.4087639851141], [-1.90603952038368, 51.4087672889903], [-1.90603315871452, 51.4087705748697], [-1.90602676841513, 51.4087738337311], [-1.90602033496962, 51.4087770566106], [-1.90601387282066, 51.4087802614588], [-1.90600736761683, 51.408783439312], [-1.9060008337463, 51.4087865811947], [-1.90599425674775, 51.4087897050347], [-1.90598766545231, 51.4087927928815], [-1.90598103108363, 51.4087958627199], [-1.90597435362369, 51.4087988965763], [-1.90596766182996, 51.4088019124472], [-1.90596092699997, 51.4088048922677], [-1.90595416343003, 51.4088078451387], [-1.90594737117505, 51.4088107709917], [-1.90594055025352, 51.4088136608401], [-1.90593368620393, 51.4088165326798], [-1.90592680785745, 51.4088193685607], [-1.90591988645627, 51.408822177412], [-1.90591293631529, 51.4088249592453], [-1.90590595754217, 51.4088277141282], [-1.90589895004677, 51.4088304329715], [-1.90589191381153, 51.408833124831], [-1.90588486331592, 51.4088357897184], [-1.90587776971082, 51.4088384275762], [-1.90587064738438, 51.4088410294635], [-1.90586349642781, 51.408843604367], [-1.90585633110136, 51.4088461522297], [-1.90584912273858, 51.4088486641447], [-1.90584188563614, 51.4088511490416], [-1.90583463427344, 51.4088536069321], [-1.90582735418946, 51.4088560288519], [-1.90582004542064, 51.4088584237537], [-1.90581272235515, 51.4088607826966], [-1.90580535618018, 51.408863114644], [-1.90579797569018, 51.408865419585], [-1.90579058090358, 51.4088676885326], [-1.90578314300757, 51.4088699304849], [-1.90577569086982, 51.4088721364782], [-1.90576820999243, 51.4088743154534], [-1.90576071481855, 51.4088764584352], [-1.90575319095987, 51.4088785744333], [-1.90574563836153, 51.4088806634475], [-1.90573807148527, 51.4088827074473], [-1.90573047592418, 51.4088847244977], [-1.90572286604819, 51.4088867145414], [-1.90571524187575, 51.4088886685918], [-1.90570758896374, 51.4088905956584], [-1.9056999073855, 51.4088924867543], [-1.90569222586222, 51.4088943508209], [-1.90568450130289, 51.4088961789397], [-1.90567677681695, 51.4088979710766], [-1.9056690235916, 51.4088997361954], [-1.90566125606983, 51.4089014653551], [-1.90555440917143, 51.4089115040407], [-1.90554644535752, 51.4089108322319], [-1.90553849600697, 51.4089100885058], [-1.90553056128503, 51.4089092459022], [-1.90552266976604, 51.4089083314045], [-1.90551479293078, 51.4089073179609], [-1.90550694494724, 51.4089062236591], [-1.90549912592529, 51.4089050484307], [-1.90549135017981, 51.4089037923214], [-1.90548360335965, 51.408902446333], [-1.90547589987094, 51.4089010194296], [-1.90546822530761, 51.4088995026471], [-1.90546060844561, 51.4088979049611], [-1.90545303486021, 51.4088962264286], [-1.90544550453304, 51.4088944759679], [-1.90543801755611, 51.4088926356053], [-1.90543058828046, 51.408890714408], [-1.90542321665147, 51.4088887123072], [-1.905415902724, 51.408886629303], [-1.90540863205483, 51.4088844744392], [-1.90540143347549, 51.4088822296968], [-1.90539430687555, 51.4088799220703], [-1.90538723799571, 51.4088775245881], [-1.90538022679899, 51.4088750551893], [-1.90537328765506, 51.4088725139541], [-1.90536643487894, 51.4088699008255], [-1.90535963980449, 51.4088672068279], [-1.90535293115267, 51.4088644409712], [-1.905346294499, 51.4088616032095], [-1.90533972989817, 51.4088586936114], [-1.90533326607133, 51.4088557211185], [-1.90532687431593, 51.4088526678024], [-1.90532056896475, 51.4088495515798], [-1.90531435003631, 51.4088463634982], [-1.90530821745721, 51.4088431125444], [-1.90530217133714, 51.4088397987183], [-1.9052962259547, 51.408836413045], [-1.90529038134627, 51.408832964511], [-1.90528462317826, 51.4088294620916], [-1.90527896574796, 51.4088258877906], [-1.90527340908772, 51.4088222506613], [-1.90526795316427, 51.4088185686449], [-1.90526258371833, 51.4088148147697], [-1.90525734371236, 51.4088110070438], [-1.90525220451645, 51.4088071454785], [-1.90524716602105, 51.408803230005], [-1.90524222829954, 51.4087992516712], [-1.90523742010897, 51.4087952285079], [-1.90523271267366, 51.4087911514709], [-1.90522812036334, 51.4087870205718], [-1.90522364315942, 51.4087828447973], [-1.90521928106189, 51.4087786241476], [-1.90521504849522, 51.4087743586684], [-1.90521091662889, 51.4087700393156], [-1.90520691427489, 51.408765684086], [-1.90520304139685, 51.408761284027], [-1.90519928364372, 51.4087568300716], [-1.90519564101443, 51.4087523492832], [-1.90519212784253, 51.4087478325836], [-1.90518874414652, 51.4087432710546], [-1.90518548990775, 51.4087386736832], [-1.90518235075654, 51.4087340404233], [-1.90517934109886, 51.4087293802734], [-1.90517647526806, 51.4087246842926], [-1.90517372456098, 51.4087199614101], [-1.90517111762585, 51.4087152026967], [-1.90516864022028, 51.4087104261144], [-1.9051662921984, 51.4087056226421], [-1.9051640736884, 51.408700783293], [-1.90516198459811, 51.4086959261092], [-1.90516003929735, 51.4086910510339], [-1.90515823784086, 51.4086861580669], [-1.90515655145294, 51.4086812382326], [-1.90515502322402, 51.4086763005526], [-1.90515362445093, 51.4086713539905], [-1.90515235515224, 51.4086663895595], [-1.90515122958795, 51.4086614072369], [-1.90515023346079, 51.4086564250189], [-1.90514938112271, 51.4086514249436], [-1.90514867260994, 51.4086464159977], [-1.90514809349793, 51.4086413981698], [-1.90514765819263, 51.4086363804238], [-1.90514736665759, 51.4086313538415], [-1.90514720450461, 51.4086263273295], [-1.9051471861581, 51.4086213009681], [-1.90514731156327, 51.4086162746887], [-1.90514756635024, 51.4086112485481], [-1.90514796492505, 51.4086062314762], [-1.90514850730612, 51.4086012145549], [-1.90514917899551, 51.4085962067249], [-1.90514999447255, 51.4085912079979], [-1.90515093938612, 51.4085862093756], [-1.9051520280138, 51.4085812288429], [-1.90515326035556, 51.4085762663999], [-1.9051546220602, 51.4085713130826], [-1.90515612755227, 51.4085663688683], [-1.90515776242489, 51.4085614517188], [-1.90515954095653, 51.4085565526933], [-1.90516144890584, 51.4085516627248], [-1.90516350060519, 51.4085467998671], [-1.90518950332695, 51.4084941924568], [-1.9052057384476, 51.4084719331091], [-1.90521145367462, 51.408468377012], [-1.90521719765769, 51.4084648389114], [-1.90522298469299, 51.4084613278399], [-1.90522881479916, 51.4084578347765], [-1.90523467362429, 51.408454377683], [-1.90524056116914, 51.4084509296335], [-1.90524649176631, 51.4084475085787], [-1.90525245104606, 51.4084441145414], [-1.90525845350638, 51.4084407385123], [-1.90526448459453, 51.4084373894662], [-1.9052705443839, 51.4084340584165], [-1.90527664731661, 51.408430763417], [-1.90528277889577, 51.4084274863796], [-1.90528893923094, 51.4084242273729], [-1.90529512817544, 51.408421004336], [-1.90530136030041, 51.4084177993415], [-1.90530762107179, 51.4084146123433], [-1.9053139105622, 51.408411461315], [-1.9053202288086, 51.4084083283174], [-1.90532659005254, 51.4084052223145], [-1.90533298003393, 51.408402143329], [-1.90533939871671, 51.4083990823056], [-1.90534583174874, 51.408396057309], [-1.90535232222124, 51.408393050332], [-1.90535882700692, 51.4083900703265], [-1.90536536047533, 51.408387117304], [-1.90537192268117, 51.4083841913332], [-1.9053785279395, 51.4083812923229], [-1.90538514752943, 51.4083784113315], [-1.90539181020804, 51.4083755663216], [-1.90539848721828, 51.4083727393306], [-1.90540519291133, 51.4083699393228], [-1.90541194163822, 51.4083671752962], [-1.9054187047516, 51.4083644292888], [-1.90542549654774, 51.4083617102987], [-1.90543231702667, 51.4083590182916], [-1.90543916624327, 51.4083563532675], [-1.90544604414269, 51.4083537152265], [-1.90545295072479, 51.4083511042371], [-1.90545987160172, 51.4083485291716], [-1.90546683560435, 51.4083459721483], [-1.90547381386534, 51.4083434421305], [-1.90548082091894, 51.4083409390617], [-1.90548784221235, 51.4083384720195], [-1.90549490663157, 51.4083360229852], [-1.90550197092114, 51.4083336098974], [-1.90550907831805, 51.4083312238042], [-1.90551621447115, 51.4083288557416], [-1.90552336486413, 51.4083265236713], [-1.9055305296253, 51.4083242185725], [-1.90553772306945, 51.4083219404567], [-1.9055449451779, 51.4083196983449], [-1.90555219604265, 51.4083174742636], [-1.90555946120223, 51.4083152861404], [-1.90556674067521, 51.4083131249886], [-1.90557404883112, 51.408310990854], [-1.90558137130041, 51.4083088836909], [-1.90558872250758, 51.4083068035106], [-1.90559610232425, 51.4083047593686], [-1.90560349656414, 51.4083027421638], [-1.90561090506257, 51.4083007519645], [-1.90561834224399, 51.4082987887825], [-1.90562577940565, 51.408296861547], [-1.90563325956511, 51.408294961306], [-1.90564073972325, 51.4082930880591], [-1.90564824856451, 51.408291241795], [-1.90565578612517, 51.408289431535], [-1.90566332357486, 51.408287648269], [-1.90567088974403, 51.4082859009726], [-1.90567847024526, 51.4082841716608], [-1.90568606504151, 51.4082824783414], [-1.90569367415135, 51.4082808119933], [-1.90570131198066, 51.4082791816492], [-1.90570894969919, 51.4082775782647], [-1.90571661615573, 51.4082760018632], [-1.90572429690731, 51.4082744614883], [-1.9057319919726, 51.4082729480505], [-1.90573970135151, 51.4082714616182], [-1.90574742502553, 51.4082700111782], [-1.90575516306813, 51.4082685877096], [-1.90576291535104, 51.4082672002334], [-1.9057706820025, 51.4082658397284], [-1.90577846296765, 51.408264506229], [-1.90578625822807, 51.4082632086876], [-1.90579405343267, 51.408261938106], [-1.90580187735698, 51.4082607035283], [-1.90580970117055, 51.4082594959446], [-1.90581755372237, 51.4082583153437], [-1.90582540614511, 51.4082571706893], [-1.90583327293648, 51.4082560530404], [-1.90584113965361, 51.4082549713724], [-1.90584903505416, 51.4082539166871], [-1.90585693038051, 51.4082528979827], [-1.90586484002077, 51.4082519062495], [-1.9058727639749, 51.4082509414875], [-1.9058806878913, 51.4082500216931], [-1.9058886117156, 51.4082491199059], [-1.90589656425981, 51.4082482540883], [-1.90590451669355, 51.4082474152304], [-1.90591157703783, 51.408246935333], [-1.90591865156706, 51.4082465453828], [-1.90592574031824, 51.408246227372], [-1.90593282888497, 51.4082459992626], [-1.90593993167364, 51.4082458431269]]]}, "properties": {"ListEntry": 1013239, "Name": "Long barrow and abutting bowl barrow 700m WSW of Beckhampton Buildings, forming the focus of a barrow cemetery on North Down", "NGR": "SU 06652 67733", "hyperlink": "https://historicengland.org.uk/listing/the-list/list-entry/1013239", "azimuth_deg": 53.3, "length_m": 86.9, "width_m": 62.1}}, {"type": "Feature", "geometry": {"type": "Polygon", "coordinates": [[[-1.98584916574592, 51.3929327029691], [-1.98585096527244, 51.3929232976873], [-1.98585410141211, 51.3929141623418], [-1.98585475776334, 51.3929294305717], [-1.98586347547578, 51.3929044342502], [-1.98587554174615, 51.3928800587271], [-1.98589092791605, 51.3928564119784], [-1.98590950453225, 51.39283367376], [-1.98593111346756, 51.3928120238933], [-1.98595565401696, 51.3927915882845], [-1.98598288174849, 51.392772573671], [-1.98601258115344, 51.3927550969587], [-1.98604462275394, 51.392739257021], [-1.98607873346901, 51.3927251887312], [-1.98611464011199, 51.3927130179071], [-1.98615209846546, 51.3927028074615], [-1.98616667329304, 51.3926997339318], [-1.98618176527816, 51.392697469728], [-1.98619700070437, 51.3926960597417], [-1.98621237968219, 51.3926955040071], [-1.98622790204799, 51.3926958025242], [-1.98624313674967, 51.3926969552093], [-1.98625821307376, 51.3926989531247], [-1.98627303041015, 51.3927018052459], [-1.98628741633825, 51.3927054755714], [-1.98630106905835, 51.3927098831162], [-1.98631408917103, 51.3927150549213], [-1.98632636166237, 51.3927209460049], [-1.98633768534579, 51.3927274573855], [-1.98634808900035, 51.3927346070747], [-1.9863574002289, 51.3927422781891], [-1.9863656045622, 51.3927504527191], [-1.98637264455422, 51.3927590856895], [-1.98637841968067, 51.3927680781989], [-1.98638285811611, 51.392777250398], [-1.98638601720747, 51.3927867911217], [-1.98638778220381, 51.3927963227006], [-1.98638818172233, 51.3928060339321], [-1.98638721589803, 51.3928156551057], [-1.98638488461767, 51.3928251952084], [-1.98638120237923, 51.3928345732906], [-1.98636675033031, 51.3928595510285], [-1.98634902146294, 51.3928837191245], [-1.98632813090758, 51.3929069067702], [-1.98630432299409, 51.3929288621523], [-1.98627761220015, 51.3929495673653], [-1.98624827157944, 51.3929687975942], [-1.98621644491432, 51.3929864719369], [-1.98618250597965, 51.3930023656585], [-1.98614645476897, 51.3930165056837], [-1.98610873687557, 51.3930286942811], [-1.9860957137033, 51.3930334674701], [-1.98608223074906, 51.3930376830727], [-1.98606831687271, 51.3930409185354], [-1.98605394331722, 51.3930434435995], [-1.98603911008039, 51.3930452672175], [-1.98602429145446, 51.3930461107126], [-1.98600902755793, 51.3930461089381], [-1.98599419514307, 51.3930452619959], [-1.98597937725561, 51.3930437136623], [-1.98596500525791, 51.3930411852907], [-1.98595107906454, 51.3930379555783], [-1.98593716744796, 51.3930338716631], [-1.98592459275011, 51.3930290954985], [-1.98591201827272, 51.3930236179759], [-1.98590078072013, 51.3930174302651], [-1.98589046313456, 51.3930106851636], [-1.98588102253095, 51.3930033826667], [-1.98587250185502, 51.3929956486993], [-1.98586531805585, 51.3929873573568], [-1.98585947104611, 51.3929787874393], [-1.98585498954489, 51.3929697950571], [-1.98585139920216, 51.3929606678728], [-1.98584915991489, 51.3929513970225], [-1.98584870295687, 51.3929419824884], [-1.98584916574592, 51.3929327029691]]]}, "properties": {"ListEntry": 1013360, "Name": "Long barrow on King's Play Hill, 430m north west of Hill Cottage", "NGR": "SU 01062 65982", "hyperlink": "https://historicengland.org.uk/listing/the-list/list-entry/1013360", "azimuth_deg": 42.1, "length_m": 44.3, "width_m": 28.4}}, {"type": "Feature", "geometry": {"type": "Polygon", "coordinates": [[[-1.90942953799394, 51.3940888236282], [-1.90939418731889, 51.3936049786572], [-1.91012280562768, 51.3936422163466], [-1.91012757886044, 51.3940596697369], [-1.90942953799394, 51.3940888236282]]]}, "properties": {"ListEntry": 1013366, "Name": "Long barrow on Easton Down", "NGR": "SU 06374 66094", "hyperlink": "https://historicengland.org.uk/listing/the-list/list-entry/1013366", "azimuth_deg": 143.5, "length_m": 71.0, "width_m": 68.3}}, {"type": "Feature", "geometry": {"type": "Polygon", "coordinates": [[[-1.94586144046954, 51.3936565687884], [-1.94588074343364, 51.3936564337669], [-1.94589961455875, 51.3936568650257], [-1.94591893044569, 51.3936579978373], [-1.94593778588009, 51.3936595530577], [-1.94595665502304, 51.3936616657412], [-1.94597550930413, 51.3936642010718], [-1.94600020768893, 51.3936715226855], [-1.94601188524227, 51.3936779931042], [-1.94602039980889, 51.3936852983362], [-1.9460262254179, 51.3936935914437], [-1.9460298075541, 51.3937030075018], [-1.94602979596242, 51.3937128445078], [-1.94602619163655, 51.3937222572855], [-1.94601989742636, 51.3937334851755], [-1.94601225250453, 51.3937444427053], [-1.94600414779316, 51.3937552561318], [-1.94599559781602, 51.3937657906245], [-1.94598615693299, 51.3937761808166], [-1.94597581098691, 51.393786156993], [-1.94596457430374, 51.3937958450101], [-1.94595289235381, 51.3938052540927], [-1.94594075078264, 51.3938143752126], [-1.9459277186223, 51.3938230823226], [-1.94591422682996, 51.3938315104565], [-1.94589984457403, 51.3938393717002], [-1.94588501705119, 51.3938469539742], [-1.94586973013183, 51.3938541044606], [-1.94585401252514, 51.3938608411121], [-1.94583783545699, 51.3938671549283], [-1.94582119908717, 51.3938729110376], [-1.94580413204144, 51.3938782443588], [-1.94578705112697, 51.3938831550485], [-1.94576909411597, 51.3938874988186], [-1.94575110886131, 51.3938914289715], [-1.94573269310285, 51.3938947924431], [-1.94571427795829, 51.3938975894311], [-1.94569586335669, 51.3938999728152], [-1.94567698946808, 51.3939017894701], [-1.94565767064751, 51.3939030484234], [-1.94563881245525, 51.3939037411045], [-1.94561995476411, 51.3939040111945], [-1.94560063783276, 51.393903723542], [-1.9455817671117, 51.3939028696451], [-1.94556291141906, 51.3939014582238], [-1.94554404186488, 51.393899624205], [-1.94552518735105, 51.3938972237093], [-1.94549913799586, 51.3938897665005], [-1.94548792036288, 51.3938832962091], [-1.94547939154446, 51.3938759819463], [-1.94547312108273, 51.3938671311143], [-1.94546998390949, 51.3938582817617], [-1.94546999544919, 51.3938485885825], [-1.94547315369804, 51.3938397331472], [-1.94547944823753, 51.3938283524104], [-1.94548530903293, 51.3938190845855], [-1.94549430733664, 51.3938063113768], [-1.94550284341279, 51.3937954892002], [-1.94551228440845, 51.3937850990151], [-1.94552263077515, 51.3937748531389], [-1.9455334221811, 51.3937650211024], [-1.94554511874234, 51.3937554682116], [-1.94555724612726, 51.3937462032345], [-1.9455702929158, 51.3937373613019], [-1.94558377037829, 51.3937289332017], [-1.94559815298464, 51.3937207932672], [-1.94561298061938, 51.3937130761238], [-1.94562826754241, 51.3937059166837], [-1.94564399971986, 51.3936990362103], [-1.94566062229066, 51.3936927226248], [-1.94567724425054, 51.3936869665305], [-1.94569432576516, 51.3936814983616], [-1.94571183761432, 51.3936767317402], [-1.94572982344927, 51.3936722440977], [-1.9457482396746, 51.3936684580366], [-1.94576665534172, 51.3936650945605], [-1.94578507040113, 51.3936622885752], [-1.94580394468771, 51.3936600492784], [-1.94582326383717, 51.3936583766633], [-1.94584212259643, 51.3936571174355], [-1.94586144046954, 51.3936565687884]]]}, "properties": {"ListEntry": 1014030, "Name": "Long barrow 650m WSW of Shepherds' Shore", "NGR": "SU 03871 66084", "hyperlink": "https://historicengland.org.uk/listing/the-list/list-entry/1014030", "azimuth_deg": 61.4, "length_m": 43.2, "width_m": 23.0}}, {"type": "Feature", "geometry": {"type": "Polygon", "coordinates": [[[-1.86996721216519, 51.1841564925269], [-1.87063967143497, 51.1841572328596], [-1.87063889381875, 51.1844359874502], [-1.86996643049254, 51.1844352471102], [-1.86996721216519, 51.1841564925269]]]}, "properties": {"ListEntry": 1015021, "Name": "Long barrow on Winterbourne Stoke Down", "NGR": "SU 09161 42794", "hyperlink": "https://historicengland.org.uk/listing/the-list/list-entry/1015021", "azimuth_deg": 90.0, "length_m": 47.0, "width_m": 31.0}}, {"type": "Feature", "geometry": {"type": "Polygon", "coordinates": [[[-1.76687850394926, 51.186557490891], [-1.7670004254856, 51.1861418493701], [-1.7677038149634, 51.1862231945913], [-1.76758234322493, 51.1866388287039], [-1.76687850394926, 51.186557490891]]]}, "properties": {"ListEntry": 1015215, "Name": "Long barrow at Longbarrow Clump", "NGR": "SU 16360 43044", "hyperlink": "https://historicengland.org.uk/listing/the-list/list-entry/1015215", "azimuth_deg": 100.2, "length_m": 50.0, "width_m": 47.0}}, {"type": "Feature", "geometry": {"type": "Polygon", "coordinates": [[[-2.08287856695854, 51.0171049457438], [-2.08349431675626, 51.0168754234117], [-2.08380037746659, 51.0171406245963], [-2.08319718051597, 51.0173922528848], [-2.08287856695854, 51.0171049457438]]]}, "properties": {"ListEntry": 1015701, "Name": "Long barrow 170m south west of triangulation pillar on White Sheet Hill", "NGR": "ST 94250 24199", "hyperlink": "https://historicengland.org.uk/listing/the-list/list-entry/1015701", "azimuth_deg": 62.3, "length_m": 55.4, "width_m": 41.2}}, {"type": "Feature", "geometry": {"type": "Polygon", "coordinates": [[[-1.86457072310769, 51.0014576518106], [-1.8645716660597, 51.0011339304514], [-1.86538388144524, 51.0011708294011], [-1.86538315243484, 51.0014226126897], [-1.86457072310769, 51.0014576518106]]]}, "properties": {"ListEntry": 1015703, "Name": "Long barrow on Little Toyd Down, 760m south west of Grims Lodge Farm", "NGR": "SU 09570 22443", "hyperlink": "https://historicengland.org.uk/listing/the-list/list-entry/1015703", "azimuth_deg": 90.0, "length_m": 57.0, "width_m": 36.0}}, {"type": "Feature", "geometry": {"type": "Polygon", "coordinates": [[[-1.77151623069717, 51.0064018434306], [-1.77168469828044, 51.005836210215], [-1.77216099055609, 51.0058927167801], [-1.77199252861053, 51.0064583416922], [-1.77151623069717, 51.0064018434306]]]}, "properties": {"ListEntry": 1015935, "Name": "The Giant's Grave long barrow", "NGR": "SU 16104 22999", "hyperlink": "https://historicengland.org.uk/listing/the-list/list-entry/1015935", "azimuth_deg": 10.5, "length_m": 64.0, "width_m": 34.0}}, {"type": "Feature", "geometry": {"type": "Polygon", "coordinates": [[[-2.17329622334388, 51.1058593521952], [-2.17354985029898, 51.1055269674797], [-2.17414237974728, 51.1057060717906], [-2.17388877029506, 51.1060384487387], [-2.17329622334388, 51.1058593521952]]]}, "properties": {"ListEntry": 1016195, "Name": "Long barrow on Keysley Down, 1020m NNE of Chapel Field Barn", "NGR": "ST 87934 34069", "hyperlink": "https://historicengland.org.uk/listing/the-list/list-entry/1016195", "azimuth_deg": 115.7, "length_m": 46.1, "width_m": 41.0}}, {"type": "Feature", "geometry": {"type": "Polygon", "coordinates": [[[-2.12781045051984, 51.172907249641], [-2.12834626530587, 51.1725299794072], [-2.12867484071396, 51.1727035593446], [-2.12815731768394, 51.1730639420485], [-2.12807627231945, 51.1730131721746], [-2.12781045051984, 51.172907249641]]]}, "properties": {"ListEntry": 1017603, "Name": "Long barrow 250m east of Polebridge Farm", "NGR": "ST 91131 41516", "hyperlink": "https://historicengland.org.uk/listing/the-list/list-entry/1017603", "azimuth_deg": 40.3, "length_m": 56.3, "width_m": 31.5}}, {"type": "Feature", "geometry": {"type": "Polygon", "coordinates": [[[-1.95379994751251, 51.2205094655738], [-1.95381254989394, 51.2205077529845], [-1.95535634769453, 51.2206093317261], [-1.95472544543551, 51.2211019440824], [-1.95392131928306, 51.2211097099243], [-1.95379909136607, 51.2211096624742], [-1.95374119290853, 51.2211015651244], [-1.95372915341781, 51.2210986830044], [-1.95371722867073, 51.2210956031099], [-1.9537054330333, 51.2210923254464], [-1.95369378069862, 51.2210888589725], [-1.95368228614191, 51.2210852037623], [-1.95367093494282, 51.2210813597416], [-1.95365974141265, 51.2210773269846], [-1.95364873421961, 51.2210731144212], [-1.9536379133548, 51.2210687311068], [-1.95362726452499, 51.2210641590277], [-1.95361681633479, 51.221059416169], [-1.95360655446396, 51.2210545115468], [-1.95359652186429, 51.221049427135], [-1.95358668988632, 51.2210441899522], [-1.95357708716152, 51.2210387910227], [-1.95356771374457, 51.2210332303123], [-1.95355856956283, 51.2210275258293], [-1.95354966893652, 51.2210216685581], [-1.95354101191123, 51.22101566752], [-1.95353261279819, 51.2210095227208], [-1.95352447153372, 51.2210032431132], [-1.95351658816338, 51.2209968377529], [-1.95350897695276, 51.22099029759], [-1.95350165224956, 51.2209836406384], [-1.95349459974252, 51.220976866927], [-1.95348783375183, 51.2209699674056], [-1.95348133993909, 51.2209629690987], [-1.95347516124682, 51.2209558630358], [-1.95346928329118, 51.220948667117], [-1.95346369187895, 51.2209413724525], [-1.95345841557795, 51.2209339789507], [-1.95345344004967, 51.2209265136702], [-1.95344877962332, 51.2209189585737], [-1.95344444859183, 51.2209113316755], [-1.95344041837831, 51.2209036419512], [-1.95343671749576, 51.2208958893779], [-1.95343334605323, 51.2208880740243], [-1.95343030404152, 51.220880204843], [-1.95342757703107, 51.2208722908499], [-1.95342519375329, 51.2208643319875], [-1.95342313982414, 51.2208563462931], [-1.95342141531614, 51.2208483157924], [-1.95342002014743, 51.2208402674125], [-1.95341896862894, 51.2208322011931], [-1.95341826081517, 51.2208241170999], [-1.95341788233105, 51.2208160241832], [-1.95341784753324, 51.2208079313668], [-1.95341814206477, 51.2207998296924], [-1.95341876589831, 51.2207917461555], [-1.953419733354, 51.220783671706], [-1.9534210444771, 51.2207756153996], [-1.95342268494731, 51.2207675862177], [-1.95342465470085, 51.220759593113], [-1.95342696805767, 51.220751627104], [-1.95342961069741, 51.2207436972065], [-1.95343258265653, 51.2207358213945], [-1.9534358695781, 51.2207279906755], [-1.95343950012082, 51.2207202230002], [-1.95344344556201, 51.2207125094391], [-1.95344770599279, 51.2207048678976], [-1.95345228135832, 51.2206972984443], [-1.95345717164946, 51.2206898100319], [-1.95346237686612, 51.2206824026603], [-1.95346788268798, 51.2206750853452], [-1.95347370348073, 51.2206678580579], [-1.95347981050368, 51.2206607298085], [-1.95348621817714, 51.2206537006026], [-1.95349292637376, 51.2206467883798], [-1.95349990653484, 51.2206399841762], [-1.95350717296237, 51.2206332969845], [-1.95351471134526, 51.2206267267988], [-1.95352252161979, 51.220620282572], [-1.95353060388609, 51.2206139733596], [-1.95353894366917, 51.2206077991216], [-1.95354754112389, 51.2206017688795], [-1.95355638183891, 51.2205958735717], [-1.95356546580517, 51.220590122254], [-1.95357477874824, 51.2205845328605], [-1.95358433493353, 51.2205790964439], [-1.9535941057389, 51.2205738129931], [-1.9536041054665, 51.2205686914663], [-1.95361430553982, 51.2205637408394], [-1.95362470584959, 51.2205589611808], [-1.95363529219414, 51.2205543524164], [-1.95364609308634, 51.2205499145915], [-1.95365705138232, 51.2205456566366], [-1.95366819558593, 51.2205415876183], [-1.95367951139526, 51.2205376985098], [-1.95369097029755, 51.2205339892654], [-1.95370258642205, 51.2205304779335], [-1.95371434562169, 51.2205271644741], [-1.95372623343962, 51.2205240309074], [-1.95373824995833, 51.2205211041946], [-1.95375039513223, 51.2205183753487], [-1.95376264033938, 51.2205158443584], [-1.95377498557986, 51.220513511258], [-1.95378743084488, 51.2205113850002], [-1.95379994751251, 51.2205094655738]]]}, "properties": {"ListEntry": 1018159, "Name": "White Barrow, a long barrow", "NGR": "SU 03281 46849", "hyperlink": "https://historicengland.org.uk/listing/the-list/list-entry/1018159", "azimuth_deg": 4.0, "length_m": 66.8, "width_m": 133.5}}]}
